ISO-10303-21;
HEADER;
/* Generated by software containing ST-Developer
 * from STEP Tools, Inc. (www.steptools.com) 
 */
/* OPTION: using custom renumber hook */

FILE_DESCRIPTION(
/* description */ ('STEP AP242 Edition 2',
'CAx-IF Rec.Pracs.---Representation and Presentation of Product Manufa
cturing Information (PMI)---4.0---2014-10-13',
'CAx-IF Rec.Pracs.---3D Tessellated Geometry---0.4---2014-09-14','2;1',
'CAx-IF Rec.Pracs.---User Defined Attributes---1.5---2016-08-15'),
/* implementation_level */ '2;1');

FILE_NAME(
/* name */ 'Case - Part 1',
/* time_stamp */ '2026-06-03T03:36:58Z',
/* author */ (''),
/* organization */ (''),
/* preprocessor_version */ 'ST-DEVELOPER v20',
/* originating_system */ 'ONSHAPE BY PTC INC, 1.215',
/* authorisation */ '  ');

FILE_SCHEMA (('AP242_MANAGED_MODEL_BASED_3D_ENGINEERING_MIM_LF { 1 0 10303 442 3 1 4 }'));
ENDSEC;

DATA;
#10=SHAPE_REPRESENTATION_RELATIONSHIP('','',#1691,#11);
#11=ADVANCED_BREP_SHAPE_REPRESENTATION('',(#1689),#2825);
#12=CYLINDRICAL_SURFACE('',#1737,0.002);
#13=CYLINDRICAL_SURFACE('',#1740,0.002);
#14=CYLINDRICAL_SURFACE('',#1746,0.00200000000000003);
#15=CYLINDRICAL_SURFACE('',#1749,0.002);
#16=CYLINDRICAL_SURFACE('',#1752,0.0005);
#17=CYLINDRICAL_SURFACE('',#1753,0.0005);
#18=CYLINDRICAL_SURFACE('',#1754,0.0005);
#19=CYLINDRICAL_SURFACE('',#1755,0.0005);
#20=CYLINDRICAL_SURFACE('',#1759,0.0005);
#21=CYLINDRICAL_SURFACE('',#1760,0.0005);
#22=CYLINDRICAL_SURFACE('',#1761,0.0005);
#23=CYLINDRICAL_SURFACE('',#1771,0.001);
#24=CYLINDRICAL_SURFACE('',#1781,0.001);
#25=CYLINDRICAL_SURFACE('',#1793,0.00149999999999983);
#26=CYLINDRICAL_SURFACE('',#1796,0.00149999999999983);
#27=CYLINDRICAL_SURFACE('',#1800,0.00149999999999983);
#28=CYLINDRICAL_SURFACE('',#1803,0.00149999999999983);
#29=CYLINDRICAL_SURFACE('',#1811,0.001);
#30=CYLINDRICAL_SURFACE('',#1814,0.001);
#31=CYLINDRICAL_SURFACE('',#1815,0.001);
#32=CYLINDRICAL_SURFACE('',#1818,0.001);
#33=CYLINDRICAL_SURFACE('',#1823,0.001);
#34=CYLINDRICAL_SURFACE('',#1826,0.001);
#35=CYLINDRICAL_SURFACE('',#1827,0.001);
#36=CYLINDRICAL_SURFACE('',#1829,0.001);
#37=CYLINDRICAL_SURFACE('',#1831,0.001);
#38=CYLINDRICAL_SURFACE('',#1833,0.001);
#39=CYLINDRICAL_SURFACE('',#1835,0.001);
#40=CYLINDRICAL_SURFACE('',#1837,0.001);
#41=CYLINDRICAL_SURFACE('',#1842,0.001);
#42=CYLINDRICAL_SURFACE('',#1845,0.001);
#43=CYLINDRICAL_SURFACE('',#1846,0.001);
#44=CYLINDRICAL_SURFACE('',#1849,0.00149999999999983);
#45=CYLINDRICAL_SURFACE('',#1853,0.00149999999999983);
#46=CYLINDRICAL_SURFACE('',#1857,0.00149999999999983);
#47=CYLINDRICAL_SURFACE('',#1859,0.00149999999999983);
#48=LINE('',#2366,#196);
#49=LINE('',#2368,#197);
#50=LINE('',#2370,#198);
#51=LINE('',#2374,#199);
#52=LINE('',#2376,#200);
#53=LINE('',#2378,#201);
#54=LINE('',#2380,#202);
#55=LINE('',#2382,#203);
#56=LINE('',#2384,#204);
#57=LINE('',#2386,#205);
#58=LINE('',#2390,#206);
#59=LINE('',#2392,#207);
#60=LINE('',#2394,#208);
#61=LINE('',#2396,#209);
#62=LINE('',#2398,#210);
#63=LINE('',#2400,#211);
#64=LINE('',#2402,#212);
#65=LINE('',#2404,#213);
#66=LINE('',#2406,#214);
#67=LINE('',#2410,#215);
#68=LINE('',#2412,#216);
#69=LINE('',#2414,#217);
#70=LINE('',#2416,#218);
#71=LINE('',#2418,#219);
#72=LINE('',#2420,#220);
#73=LINE('',#2422,#221);
#74=LINE('',#2426,#222);
#75=LINE('',#2428,#223);
#76=LINE('',#2430,#224);
#77=LINE('',#2434,#225);
#78=LINE('',#2436,#226);
#79=LINE('',#2439,#227);
#80=LINE('',#2441,#228);
#81=LINE('',#2443,#229);
#82=LINE('',#2480,#230);
#83=LINE('',#2483,#231);
#84=LINE('',#2485,#232);
#85=LINE('',#2487,#233);
#86=LINE('',#2493,#234);
#87=LINE('',#2496,#235);
#88=LINE('',#2498,#236);
#89=LINE('',#2500,#237);
#90=LINE('',#2502,#238);
#91=LINE('',#2505,#239);
#92=LINE('',#2507,#240);
#93=LINE('',#2509,#241);
#94=LINE('',#2515,#242);
#95=LINE('',#2518,#243);
#96=LINE('',#2520,#244);
#97=LINE('',#2522,#245);
#98=LINE('',#2524,#246);
#99=LINE('',#2532,#247);
#100=LINE('',#2536,#248);
#101=LINE('',#2539,#249);
#102=LINE('',#2540,#250);
#103=LINE('',#2551,#251);
#104=LINE('',#2561,#252);
#105=LINE('',#2563,#253);
#106=LINE('',#2564,#254);
#107=LINE('',#2565,#255);
#108=LINE('',#2567,#256);
#109=LINE('',#2574,#257);
#110=LINE('',#2576,#258);
#111=LINE('',#2578,#259);
#112=LINE('',#2580,#260);
#113=LINE('',#2583,#261);
#114=LINE('',#2584,#262);
#115=LINE('',#2586,#263);
#116=LINE('',#2588,#264);
#117=LINE('',#2590,#265);
#118=LINE('',#2592,#266);
#119=LINE('',#2594,#267);
#120=LINE('',#2597,#268);
#121=LINE('',#2598,#269);
#122=LINE('',#2600,#270);
#123=LINE('',#2602,#271);
#124=LINE('',#2604,#272);
#125=LINE('',#2606,#273);
#126=LINE('',#2608,#274);
#127=LINE('',#2611,#275);
#128=LINE('',#2612,#276);
#129=LINE('',#2614,#277);
#130=LINE('',#2616,#278);
#131=LINE('',#2620,#279);
#132=LINE('',#2622,#280);
#133=LINE('',#2624,#281);
#134=LINE('',#2626,#282);
#135=LINE('',#2628,#283);
#136=LINE('',#2630,#284);
#137=LINE('',#2633,#285);
#138=LINE('',#2634,#286);
#139=LINE('',#2636,#287);
#140=LINE('',#2638,#288);
#141=LINE('',#2640,#289);
#142=LINE('',#2642,#290);
#143=LINE('',#2644,#291);
#144=LINE('',#2647,#292);
#145=LINE('',#2648,#293);
#146=LINE('',#2650,#294);
#147=LINE('',#2652,#295);
#148=LINE('',#2654,#296);
#149=LINE('',#2656,#297);
#150=LINE('',#2658,#298);
#151=LINE('',#2662,#299);
#152=LINE('',#2664,#300);
#153=LINE('',#2666,#301);
#154=LINE('',#2668,#302);
#155=LINE('',#2670,#303);
#156=LINE('',#2672,#304);
#157=LINE('',#2674,#305);
#158=LINE('',#2678,#306);
#159=LINE('',#2679,#307);
#160=LINE('',#2680,#308);
#161=LINE('',#2684,#309);
#162=LINE('',#2688,#310);
#163=LINE('',#2689,#311);
#164=LINE('',#2690,#312);
#165=LINE('',#2694,#313);
#166=LINE('',#2695,#314);
#167=LINE('',#2697,#315);
#168=LINE('',#2700,#316);
#169=LINE('',#2701,#317);
#170=LINE('',#2703,#318);
#171=LINE('',#2705,#319);
#172=LINE('',#2707,#320);
#173=LINE('',#2709,#321);
#174=LINE('',#2711,#322);
#175=LINE('',#2720,#323);
#176=LINE('',#2722,#324);
#177=LINE('',#2725,#325);
#178=LINE('',#2726,#326);
#179=LINE('',#2735,#327);
#180=LINE('',#2737,#328);
#181=LINE('',#2739,#329);
#182=LINE('',#2741,#330);
#183=LINE('',#2743,#331);
#184=LINE('',#2745,#332);
#185=LINE('',#2747,#333);
#186=LINE('',#2748,#334);
#187=LINE('',#2795,#335);
#188=LINE('',#2804,#336);
#189=LINE('',#2806,#337);
#190=LINE('',#2810,#338);
#191=LINE('',#2812,#339);
#192=LINE('',#2816,#340);
#193=LINE('',#2818,#341);
#194=LINE('',#2820,#342);
#195=LINE('',#2822,#343);
#196=VECTOR('',#1881,1.);
#197=VECTOR('',#1882,1.);
#198=VECTOR('',#1883,1.);
#199=VECTOR('',#1886,1.);
#200=VECTOR('',#1887,1.);
#201=VECTOR('',#1888,1.);
#202=VECTOR('',#1889,1.);
#203=VECTOR('',#1890,1.);
#204=VECTOR('',#1891,1.);
#205=VECTOR('',#1892,1.);
#206=VECTOR('',#1895,1.);
#207=VECTOR('',#1896,1.);
#208=VECTOR('',#1897,1.);
#209=VECTOR('',#1898,1.);
#210=VECTOR('',#1899,1.);
#211=VECTOR('',#1900,1.);
#212=VECTOR('',#1901,1.);
#213=VECTOR('',#1902,1.);
#214=VECTOR('',#1903,1.);
#215=VECTOR('',#1906,1.);
#216=VECTOR('',#1907,1.);
#217=VECTOR('',#1908,1.);
#218=VECTOR('',#1909,1.);
#219=VECTOR('',#1910,1.);
#220=VECTOR('',#1911,1.);
#221=VECTOR('',#1912,1.);
#222=VECTOR('',#1915,1.);
#223=VECTOR('',#1916,1.);
#224=VECTOR('',#1917,1.);
#225=VECTOR('',#1920,1.);
#226=VECTOR('',#1923,1.);
#227=VECTOR('',#1924,1.);
#228=VECTOR('',#1925,1.);
#229=VECTOR('',#1926,1.);
#230=VECTOR('',#1971,1.);
#231=VECTOR('',#1972,1.);
#232=VECTOR('',#1973,1.);
#233=VECTOR('',#1974,1.);
#234=VECTOR('',#1981,1.);
#235=VECTOR('',#1982,1.);
#236=VECTOR('',#1983,1.);
#237=VECTOR('',#1984,1.);
#238=VECTOR('',#1987,1.);
#239=VECTOR('',#1988,1.);
#240=VECTOR('',#1989,1.);
#241=VECTOR('',#1990,1.);
#242=VECTOR('',#1997,1.);
#243=VECTOR('',#1998,1.);
#244=VECTOR('',#1999,1.);
#245=VECTOR('',#2000,1.);
#246=VECTOR('',#2003,1.);
#247=VECTOR('',#2012,1.);
#248=VECTOR('',#2017,1.);
#249=VECTOR('',#2018,1.);
#250=VECTOR('',#2019,1.);
#251=VECTOR('',#2034,1.);
#252=VECTOR('',#2049,1.);
#253=VECTOR('',#2050,1.);
#254=VECTOR('',#2051,1.);
#255=VECTOR('',#2052,1.);
#256=VECTOR('',#2053,1.);
#257=VECTOR('',#2064,1.);
#258=VECTOR('',#2065,1.);
#259=VECTOR('',#2066,1.);
#260=VECTOR('',#2069,1.);
#261=VECTOR('',#2070,1.);
#262=VECTOR('',#2071,1.);
#263=VECTOR('',#2074,1.);
#264=VECTOR('',#2077,1.);
#265=VECTOR('',#2078,1.);
#266=VECTOR('',#2079,1.);
#267=VECTOR('',#2082,1.);
#268=VECTOR('',#2083,1.);
#269=VECTOR('',#2084,1.);
#270=VECTOR('',#2087,1.);
#271=VECTOR('',#2090,1.);
#272=VECTOR('',#2091,1.);
#273=VECTOR('',#2092,1.);
#274=VECTOR('',#2095,1.);
#275=VECTOR('',#2096,1.);
#276=VECTOR('',#2097,1.);
#277=VECTOR('',#2100,1.);
#278=VECTOR('',#2103,1.);
#279=VECTOR('',#2106,1.);
#280=VECTOR('',#2109,1.);
#281=VECTOR('',#2110,1.);
#282=VECTOR('',#2113,1.);
#283=VECTOR('',#2114,1.);
#284=VECTOR('',#2117,1.);
#285=VECTOR('',#2118,1.);
#286=VECTOR('',#2119,1.);
#287=VECTOR('',#2122,1.);
#288=VECTOR('',#2125,1.);
#289=VECTOR('',#2126,1.);
#290=VECTOR('',#2127,1.);
#291=VECTOR('',#2130,1.);
#292=VECTOR('',#2131,1.);
#293=VECTOR('',#2132,1.);
#294=VECTOR('',#2135,1.);
#295=VECTOR('',#2138,1.);
#296=VECTOR('',#2139,1.);
#297=VECTOR('',#2140,1.);
#298=VECTOR('',#2143,1.);
#299=VECTOR('',#2148,1.);
#300=VECTOR('',#2149,1.);
#301=VECTOR('',#2152,1.);
#302=VECTOR('',#2153,1.);
#303=VECTOR('',#2156,1.);
#304=VECTOR('',#2157,1.);
#305=VECTOR('',#2160,1.);
#306=VECTOR('',#2163,1.);
#307=VECTOR('',#2164,1.);
#308=VECTOR('',#2165,1.);
#309=VECTOR('',#2168,1.);
#310=VECTOR('',#2171,1.);
#311=VECTOR('',#2172,1.);
#312=VECTOR('',#2173,1.);
#313=VECTOR('',#2176,1.);
#314=VECTOR('',#2177,1.);
#315=VECTOR('',#2180,1.);
#316=VECTOR('',#2181,1.);
#317=VECTOR('',#2182,1.);
#318=VECTOR('',#2183,1.);
#319=VECTOR('',#2184,1.);
#320=VECTOR('',#2187,1.);
#321=VECTOR('',#2188,1.);
#322=VECTOR('',#2189,1.);
#323=VECTOR('',#2202,1.);
#324=VECTOR('',#2205,1.);
#325=VECTOR('',#2206,1.);
#326=VECTOR('',#2207,1.);
#327=VECTOR('',#2220,1.);
#328=VECTOR('',#2223,1.);
#329=VECTOR('',#2224,1.);
#330=VECTOR('',#2225,1.);
#331=VECTOR('',#2228,1.);
#332=VECTOR('',#2229,1.);
#333=VECTOR('',#2230,1.);
#334=VECTOR('',#2231,1.);
#335=VECTOR('',#2300,1.);
#336=VECTOR('',#2315,1.);
#337=VECTOR('',#2318,1.);
#338=VECTOR('',#2325,1.);
#339=VECTOR('',#2328,1.);
#340=VECTOR('',#2335,1.);
#341=VECTOR('',#2338,1.);
#342=VECTOR('',#2341,1.);
#343=VECTOR('',#2344,1.);
#344=ORIENTED_EDGE('',*,*,#784,.F.);
#345=ORIENTED_EDGE('',*,*,#785,.T.);
#346=ORIENTED_EDGE('',*,*,#786,.F.);
#347=ORIENTED_EDGE('',*,*,#787,.T.);
#348=ORIENTED_EDGE('',*,*,#788,.T.);
#349=ORIENTED_EDGE('',*,*,#789,.T.);
#350=ORIENTED_EDGE('',*,*,#790,.F.);
#351=ORIENTED_EDGE('',*,*,#791,.T.);
#352=ORIENTED_EDGE('',*,*,#792,.T.);
#353=ORIENTED_EDGE('',*,*,#793,.T.);
#354=ORIENTED_EDGE('',*,*,#794,.F.);
#355=ORIENTED_EDGE('',*,*,#795,.T.);
#356=ORIENTED_EDGE('',*,*,#796,.F.);
#357=ORIENTED_EDGE('',*,*,#797,.F.);
#358=ORIENTED_EDGE('',*,*,#798,.T.);
#359=ORIENTED_EDGE('',*,*,#799,.T.);
#360=ORIENTED_EDGE('',*,*,#800,.T.);
#361=ORIENTED_EDGE('',*,*,#801,.F.);
#362=ORIENTED_EDGE('',*,*,#802,.T.);
#363=ORIENTED_EDGE('',*,*,#803,.F.);
#364=ORIENTED_EDGE('',*,*,#804,.F.);
#365=ORIENTED_EDGE('',*,*,#805,.T.);
#366=ORIENTED_EDGE('',*,*,#806,.F.);
#367=ORIENTED_EDGE('',*,*,#807,.F.);
#368=ORIENTED_EDGE('',*,*,#808,.F.);
#369=ORIENTED_EDGE('',*,*,#809,.T.);
#370=ORIENTED_EDGE('',*,*,#810,.T.);
#371=ORIENTED_EDGE('',*,*,#811,.F.);
#372=ORIENTED_EDGE('',*,*,#812,.F.);
#373=ORIENTED_EDGE('',*,*,#813,.T.);
#374=ORIENTED_EDGE('',*,*,#814,.F.);
#375=ORIENTED_EDGE('',*,*,#815,.T.);
#376=ORIENTED_EDGE('',*,*,#816,.F.);
#377=ORIENTED_EDGE('',*,*,#817,.F.);
#378=ORIENTED_EDGE('',*,*,#818,.F.);
#379=ORIENTED_EDGE('',*,*,#819,.T.);
#380=ORIENTED_EDGE('',*,*,#820,.T.);
#381=ORIENTED_EDGE('',*,*,#821,.T.);
#382=ORIENTED_EDGE('',*,*,#822,.T.);
#383=ORIENTED_EDGE('',*,*,#823,.F.);
#384=ORIENTED_EDGE('',*,*,#824,.F.);
#385=ORIENTED_EDGE('',*,*,#825,.F.);
#386=ORIENTED_EDGE('',*,*,#826,.T.);
#387=ORIENTED_EDGE('',*,*,#827,.T.);
#388=ORIENTED_EDGE('',*,*,#828,.T.);
#389=ORIENTED_EDGE('',*,*,#829,.T.);
#390=ORIENTED_EDGE('',*,*,#830,.F.);
#391=ORIENTED_EDGE('',*,*,#831,.T.);
#392=ORIENTED_EDGE('',*,*,#832,.F.);
#393=ORIENTED_EDGE('',*,*,#833,.T.);
#394=ORIENTED_EDGE('',*,*,#834,.F.);
#395=ORIENTED_EDGE('',*,*,#835,.F.);
#396=ORIENTED_EDGE('',*,*,#836,.F.);
#397=ORIENTED_EDGE('',*,*,#837,.F.);
#398=ORIENTED_EDGE('',*,*,#838,.F.);
#399=ORIENTED_EDGE('',*,*,#839,.F.);
#400=ORIENTED_EDGE('',*,*,#840,.F.);
#401=ORIENTED_EDGE('',*,*,#841,.T.);
#402=ORIENTED_EDGE('',*,*,#842,.F.);
#403=ORIENTED_EDGE('',*,*,#843,.F.);
#404=ORIENTED_EDGE('',*,*,#844,.F.);
#405=ORIENTED_EDGE('',*,*,#845,.F.);
#406=ORIENTED_EDGE('',*,*,#846,.F.);
#407=ORIENTED_EDGE('',*,*,#847,.T.);
#408=ORIENTED_EDGE('',*,*,#848,.T.);
#409=ORIENTED_EDGE('',*,*,#849,.T.);
#410=ORIENTED_EDGE('',*,*,#850,.F.);
#411=ORIENTED_EDGE('',*,*,#851,.F.);
#412=ORIENTED_EDGE('',*,*,#852,.F.);
#413=ORIENTED_EDGE('',*,*,#853,.T.);
#414=ORIENTED_EDGE('',*,*,#854,.T.);
#415=ORIENTED_EDGE('',*,*,#855,.T.);
#416=ORIENTED_EDGE('',*,*,#856,.T.);
#417=ORIENTED_EDGE('',*,*,#857,.F.);
#418=ORIENTED_EDGE('',*,*,#858,.F.);
#419=ORIENTED_EDGE('',*,*,#859,.T.);
#420=ORIENTED_EDGE('',*,*,#860,.F.);
#421=ORIENTED_EDGE('',*,*,#861,.T.);
#422=ORIENTED_EDGE('',*,*,#862,.T.);
#423=ORIENTED_EDGE('',*,*,#863,.F.);
#424=ORIENTED_EDGE('',*,*,#864,.F.);
#425=ORIENTED_EDGE('',*,*,#865,.T.);
#426=ORIENTED_EDGE('',*,*,#866,.T.);
#427=ORIENTED_EDGE('',*,*,#847,.F.);
#428=ORIENTED_EDGE('',*,*,#867,.F.);
#429=ORIENTED_EDGE('',*,*,#845,.T.);
#430=ORIENTED_EDGE('',*,*,#868,.T.);
#431=ORIENTED_EDGE('',*,*,#869,.F.);
#432=ORIENTED_EDGE('',*,*,#870,.F.);
#433=ORIENTED_EDGE('',*,*,#871,.F.);
#434=ORIENTED_EDGE('',*,*,#872,.F.);
#435=ORIENTED_EDGE('',*,*,#869,.T.);
#436=ORIENTED_EDGE('',*,*,#873,.T.);
#437=ORIENTED_EDGE('',*,*,#874,.F.);
#438=ORIENTED_EDGE('',*,*,#875,.F.);
#439=ORIENTED_EDGE('',*,*,#871,.T.);
#440=ORIENTED_EDGE('',*,*,#876,.T.);
#441=ORIENTED_EDGE('',*,*,#856,.F.);
#442=ORIENTED_EDGE('',*,*,#877,.F.);
#443=ORIENTED_EDGE('',*,*,#858,.T.);
#444=ORIENTED_EDGE('',*,*,#878,.T.);
#445=ORIENTED_EDGE('',*,*,#879,.F.);
#446=ORIENTED_EDGE('',*,*,#880,.F.);
#447=ORIENTED_EDGE('',*,*,#789,.F.);
#448=ORIENTED_EDGE('',*,*,#839,.T.);
#449=ORIENTED_EDGE('',*,*,#788,.F.);
#450=ORIENTED_EDGE('',*,*,#843,.T.);
#451=ORIENTED_EDGE('',*,*,#787,.F.);
#452=ORIENTED_EDGE('',*,*,#837,.T.);
#453=ORIENTED_EDGE('',*,*,#786,.T.);
#454=ORIENTED_EDGE('',*,*,#833,.F.);
#455=ORIENTED_EDGE('',*,*,#828,.F.);
#456=ORIENTED_EDGE('',*,*,#881,.T.);
#457=ORIENTED_EDGE('',*,*,#882,.F.);
#458=ORIENTED_EDGE('',*,*,#883,.F.);
#459=ORIENTED_EDGE('',*,*,#865,.F.);
#460=ORIENTED_EDGE('',*,*,#884,.T.);
#461=ORIENTED_EDGE('',*,*,#879,.T.);
#462=ORIENTED_EDGE('',*,*,#885,.F.);
#463=ORIENTED_EDGE('',*,*,#886,.T.);
#464=ORIENTED_EDGE('',*,*,#887,.T.);
#465=ORIENTED_EDGE('',*,*,#785,.F.);
#466=ORIENTED_EDGE('',*,*,#835,.T.);
#467=ORIENTED_EDGE('',*,*,#784,.T.);
#468=ORIENTED_EDGE('',*,*,#831,.F.);
#469=ORIENTED_EDGE('',*,*,#790,.T.);
#470=ORIENTED_EDGE('',*,*,#841,.F.);
#471=ORIENTED_EDGE('',*,*,#888,.F.);
#472=ORIENTED_EDGE('',*,*,#889,.T.);
#473=ORIENTED_EDGE('',*,*,#890,.T.);
#474=ORIENTED_EDGE('',*,*,#805,.F.);
#475=ORIENTED_EDGE('',*,*,#891,.F.);
#476=ORIENTED_EDGE('',*,*,#892,.T.);
#477=ORIENTED_EDGE('',*,*,#807,.T.);
#478=ORIENTED_EDGE('',*,*,#893,.F.);
#479=ORIENTED_EDGE('',*,*,#806,.T.);
#480=ORIENTED_EDGE('',*,*,#890,.F.);
#481=ORIENTED_EDGE('',*,*,#894,.F.);
#482=ORIENTED_EDGE('',*,*,#893,.T.);
#483=ORIENTED_EDGE('',*,*,#895,.F.);
#484=ORIENTED_EDGE('',*,*,#896,.T.);
#485=ORIENTED_EDGE('',*,*,#897,.T.);
#486=ORIENTED_EDGE('',*,*,#815,.F.);
#487=ORIENTED_EDGE('',*,*,#898,.F.);
#488=ORIENTED_EDGE('',*,*,#899,.T.);
#489=ORIENTED_EDGE('',*,*,#817,.T.);
#490=ORIENTED_EDGE('',*,*,#900,.F.);
#491=ORIENTED_EDGE('',*,*,#816,.T.);
#492=ORIENTED_EDGE('',*,*,#897,.F.);
#493=ORIENTED_EDGE('',*,*,#901,.F.);
#494=ORIENTED_EDGE('',*,*,#900,.T.);
#495=ORIENTED_EDGE('',*,*,#902,.F.);
#496=ORIENTED_EDGE('',*,*,#903,.T.);
#497=ORIENTED_EDGE('',*,*,#904,.T.);
#498=ORIENTED_EDGE('',*,*,#809,.F.);
#499=ORIENTED_EDGE('',*,*,#905,.F.);
#500=ORIENTED_EDGE('',*,*,#906,.T.);
#501=ORIENTED_EDGE('',*,*,#811,.T.);
#502=ORIENTED_EDGE('',*,*,#907,.F.);
#503=ORIENTED_EDGE('',*,*,#810,.F.);
#504=ORIENTED_EDGE('',*,*,#904,.F.);
#505=ORIENTED_EDGE('',*,*,#908,.T.);
#506=ORIENTED_EDGE('',*,*,#907,.T.);
#507=ORIENTED_EDGE('',*,*,#795,.F.);
#508=ORIENTED_EDGE('',*,*,#909,.F.);
#509=ORIENTED_EDGE('',*,*,#910,.T.);
#510=ORIENTED_EDGE('',*,*,#911,.T.);
#511=ORIENTED_EDGE('',*,*,#794,.T.);
#512=ORIENTED_EDGE('',*,*,#912,.F.);
#513=ORIENTED_EDGE('',*,*,#913,.F.);
#514=ORIENTED_EDGE('',*,*,#909,.T.);
#515=ORIENTED_EDGE('',*,*,#914,.F.);
#516=ORIENTED_EDGE('',*,*,#915,.T.);
#517=ORIENTED_EDGE('',*,*,#912,.T.);
#518=ORIENTED_EDGE('',*,*,#793,.F.);
#519=ORIENTED_EDGE('',*,*,#916,.F.);
#520=ORIENTED_EDGE('',*,*,#917,.T.);
#521=ORIENTED_EDGE('',*,*,#797,.T.);
#522=ORIENTED_EDGE('',*,*,#918,.F.);
#523=ORIENTED_EDGE('',*,*,#796,.T.);
#524=ORIENTED_EDGE('',*,*,#911,.F.);
#525=ORIENTED_EDGE('',*,*,#919,.F.);
#526=ORIENTED_EDGE('',*,*,#918,.T.);
#527=ORIENTED_EDGE('',*,*,#920,.F.);
#528=ORIENTED_EDGE('',*,*,#921,.T.);
#529=ORIENTED_EDGE('',*,*,#922,.T.);
#530=ORIENTED_EDGE('',*,*,#799,.F.);
#531=ORIENTED_EDGE('',*,*,#923,.F.);
#532=ORIENTED_EDGE('',*,*,#924,.T.);
#533=ORIENTED_EDGE('',*,*,#801,.T.);
#534=ORIENTED_EDGE('',*,*,#925,.F.);
#535=ORIENTED_EDGE('',*,*,#800,.F.);
#536=ORIENTED_EDGE('',*,*,#922,.F.);
#537=ORIENTED_EDGE('',*,*,#926,.T.);
#538=ORIENTED_EDGE('',*,*,#925,.T.);
#539=ORIENTED_EDGE('',*,*,#822,.F.);
#540=ORIENTED_EDGE('',*,*,#927,.F.);
#541=ORIENTED_EDGE('',*,*,#928,.T.);
#542=ORIENTED_EDGE('',*,*,#929,.T.);
#543=ORIENTED_EDGE('',*,*,#821,.F.);
#544=ORIENTED_EDGE('',*,*,#930,.F.);
#545=ORIENTED_EDGE('',*,*,#931,.T.);
#546=ORIENTED_EDGE('',*,*,#927,.T.);
#547=ORIENTED_EDGE('',*,*,#820,.F.);
#548=ORIENTED_EDGE('',*,*,#932,.F.);
#549=ORIENTED_EDGE('',*,*,#933,.T.);
#550=ORIENTED_EDGE('',*,*,#930,.T.);
#551=ORIENTED_EDGE('',*,*,#934,.F.);
#552=ORIENTED_EDGE('',*,*,#935,.T.);
#553=ORIENTED_EDGE('',*,*,#932,.T.);
#554=ORIENTED_EDGE('',*,*,#819,.F.);
#555=ORIENTED_EDGE('',*,*,#936,.F.);
#556=ORIENTED_EDGE('',*,*,#937,.T.);
#557=ORIENTED_EDGE('',*,*,#823,.T.);
#558=ORIENTED_EDGE('',*,*,#929,.F.);
#559=ORIENTED_EDGE('',*,*,#889,.F.);
#560=ORIENTED_EDGE('',*,*,#938,.F.);
#561=ORIENTED_EDGE('',*,*,#939,.F.);
#562=ORIENTED_EDGE('',*,*,#940,.T.);
#563=ORIENTED_EDGE('',*,*,#923,.T.);
#564=ORIENTED_EDGE('',*,*,#926,.F.);
#565=ORIENTED_EDGE('',*,*,#921,.F.);
#566=ORIENTED_EDGE('',*,*,#941,.T.);
#567=ORIENTED_EDGE('',*,*,#916,.T.);
#568=ORIENTED_EDGE('',*,*,#919,.T.);
#569=ORIENTED_EDGE('',*,*,#910,.F.);
#570=ORIENTED_EDGE('',*,*,#913,.T.);
#571=ORIENTED_EDGE('',*,*,#915,.F.);
#572=ORIENTED_EDGE('',*,*,#942,.T.);
#573=ORIENTED_EDGE('',*,*,#943,.T.);
#574=ORIENTED_EDGE('',*,*,#944,.T.);
#575=ORIENTED_EDGE('',*,*,#945,.F.);
#576=ORIENTED_EDGE('',*,*,#946,.F.);
#577=ORIENTED_EDGE('',*,*,#936,.T.);
#578=ORIENTED_EDGE('',*,*,#928,.F.);
#579=ORIENTED_EDGE('',*,*,#931,.F.);
#580=ORIENTED_EDGE('',*,*,#933,.F.);
#581=ORIENTED_EDGE('',*,*,#935,.F.);
#582=ORIENTED_EDGE('',*,*,#947,.F.);
#583=ORIENTED_EDGE('',*,*,#898,.T.);
#584=ORIENTED_EDGE('',*,*,#901,.T.);
#585=ORIENTED_EDGE('',*,*,#896,.F.);
#586=ORIENTED_EDGE('',*,*,#948,.F.);
#587=ORIENTED_EDGE('',*,*,#949,.T.);
#588=ORIENTED_EDGE('',*,*,#950,.F.);
#589=ORIENTED_EDGE('',*,*,#905,.T.);
#590=ORIENTED_EDGE('',*,*,#908,.F.);
#591=ORIENTED_EDGE('',*,*,#903,.F.);
#592=ORIENTED_EDGE('',*,*,#951,.F.);
#593=ORIENTED_EDGE('',*,*,#891,.T.);
#594=ORIENTED_EDGE('',*,*,#894,.T.);
#595=ORIENTED_EDGE('',*,*,#870,.T.);
#596=ORIENTED_EDGE('',*,*,#872,.T.);
#597=ORIENTED_EDGE('',*,*,#877,.T.);
#598=ORIENTED_EDGE('',*,*,#855,.F.);
#599=ORIENTED_EDGE('',*,*,#880,.T.);
#600=ORIENTED_EDGE('',*,*,#884,.F.);
#601=ORIENTED_EDGE('',*,*,#867,.T.);
#602=ORIENTED_EDGE('',*,*,#846,.T.);
#603=ORIENTED_EDGE('',*,*,#952,.T.);
#604=ORIENTED_EDGE('',*,*,#953,.T.);
#605=ORIENTED_EDGE('',*,*,#886,.F.);
#606=ORIENTED_EDGE('',*,*,#954,.F.);
#607=ORIENTED_EDGE('',*,*,#955,.T.);
#608=ORIENTED_EDGE('',*,*,#956,.F.);
#609=ORIENTED_EDGE('',*,*,#957,.F.);
#610=ORIENTED_EDGE('',*,*,#955,.F.);
#611=ORIENTED_EDGE('',*,*,#958,.T.);
#612=ORIENTED_EDGE('',*,*,#959,.T.);
#613=ORIENTED_EDGE('',*,*,#863,.T.);
#614=ORIENTED_EDGE('',*,*,#960,.T.);
#615=ORIENTED_EDGE('',*,*,#959,.F.);
#616=ORIENTED_EDGE('',*,*,#961,.F.);
#617=ORIENTED_EDGE('',*,*,#962,.F.);
#618=ORIENTED_EDGE('',*,*,#861,.F.);
#619=ORIENTED_EDGE('',*,*,#963,.T.);
#620=ORIENTED_EDGE('',*,*,#964,.T.);
#621=ORIENTED_EDGE('',*,*,#965,.T.);
#622=ORIENTED_EDGE('',*,*,#966,.T.);
#623=ORIENTED_EDGE('',*,*,#964,.F.);
#624=ORIENTED_EDGE('',*,*,#967,.F.);
#625=ORIENTED_EDGE('',*,*,#852,.T.);
#626=ORIENTED_EDGE('',*,*,#968,.T.);
#627=ORIENTED_EDGE('',*,*,#965,.F.);
#628=ORIENTED_EDGE('',*,*,#969,.F.);
#629=ORIENTED_EDGE('',*,*,#970,.F.);
#630=ORIENTED_EDGE('',*,*,#854,.F.);
#631=ORIENTED_EDGE('',*,*,#971,.T.);
#632=ORIENTED_EDGE('',*,*,#972,.T.);
#633=ORIENTED_EDGE('',*,*,#973,.F.);
#634=ORIENTED_EDGE('',*,*,#972,.F.);
#635=ORIENTED_EDGE('',*,*,#974,.T.);
#636=ORIENTED_EDGE('',*,*,#975,.T.);
#637=ORIENTED_EDGE('',*,*,#882,.T.);
#638=ORIENTED_EDGE('',*,*,#976,.T.);
#639=ORIENTED_EDGE('',*,*,#977,.F.);
#640=ORIENTED_EDGE('',*,*,#978,.T.);
#641=ORIENTED_EDGE('',*,*,#975,.F.);
#642=ORIENTED_EDGE('',*,*,#979,.T.);
#643=ORIENTED_EDGE('',*,*,#954,.T.);
#644=ORIENTED_EDGE('',*,*,#885,.T.);
#645=ORIENTED_EDGE('',*,*,#878,.F.);
#646=ORIENTED_EDGE('',*,*,#857,.T.);
#647=ORIENTED_EDGE('',*,*,#876,.F.);
#648=ORIENTED_EDGE('',*,*,#873,.F.);
#649=ORIENTED_EDGE('',*,*,#868,.F.);
#650=ORIENTED_EDGE('',*,*,#848,.F.);
#651=ORIENTED_EDGE('',*,*,#866,.F.);
#652=ORIENTED_EDGE('',*,*,#883,.T.);
#653=ORIENTED_EDGE('',*,*,#979,.F.);
#654=ORIENTED_EDGE('',*,*,#974,.F.);
#655=ORIENTED_EDGE('',*,*,#971,.F.);
#656=ORIENTED_EDGE('',*,*,#853,.F.);
#657=ORIENTED_EDGE('',*,*,#969,.T.);
#658=ORIENTED_EDGE('',*,*,#967,.T.);
#659=ORIENTED_EDGE('',*,*,#963,.F.);
#660=ORIENTED_EDGE('',*,*,#864,.T.);
#661=ORIENTED_EDGE('',*,*,#961,.T.);
#662=ORIENTED_EDGE('',*,*,#958,.F.);
#663=ORIENTED_EDGE('',*,*,#980,.F.);
#664=ORIENTED_EDGE('',*,*,#980,.T.);
#665=ORIENTED_EDGE('',*,*,#859,.F.);
#666=ORIENTED_EDGE('',*,*,#981,.T.);
#667=ORIENTED_EDGE('',*,*,#981,.F.);
#668=ORIENTED_EDGE('',*,*,#860,.T.);
#669=ORIENTED_EDGE('',*,*,#982,.T.);
#670=ORIENTED_EDGE('',*,*,#849,.F.);
#671=ORIENTED_EDGE('',*,*,#982,.F.);
#672=ORIENTED_EDGE('',*,*,#983,.F.);
#673=ORIENTED_EDGE('',*,*,#850,.T.);
#674=ORIENTED_EDGE('',*,*,#983,.T.);
#675=ORIENTED_EDGE('',*,*,#984,.T.);
#676=ORIENTED_EDGE('',*,*,#984,.F.);
#677=ORIENTED_EDGE('',*,*,#875,.T.);
#678=ORIENTED_EDGE('',*,*,#985,.T.);
#679=ORIENTED_EDGE('',*,*,#985,.F.);
#680=ORIENTED_EDGE('',*,*,#874,.T.);
#681=ORIENTED_EDGE('',*,*,#986,.F.);
#682=ORIENTED_EDGE('',*,*,#844,.T.);
#683=ORIENTED_EDGE('',*,*,#987,.F.);
#684=ORIENTED_EDGE('',*,*,#832,.T.);
#685=ORIENTED_EDGE('',*,*,#988,.F.);
#686=ORIENTED_EDGE('',*,*,#834,.T.);
#687=ORIENTED_EDGE('',*,*,#989,.F.);
#688=ORIENTED_EDGE('',*,*,#836,.T.);
#689=ORIENTED_EDGE('',*,*,#990,.F.);
#690=ORIENTED_EDGE('',*,*,#838,.T.);
#691=ORIENTED_EDGE('',*,*,#991,.F.);
#692=ORIENTED_EDGE('',*,*,#840,.T.);
#693=ORIENTED_EDGE('',*,*,#977,.T.);
#694=ORIENTED_EDGE('',*,*,#992,.T.);
#695=ORIENTED_EDGE('',*,*,#830,.T.);
#696=ORIENTED_EDGE('',*,*,#993,.T.);
#697=ORIENTED_EDGE('',*,*,#952,.F.);
#698=ORIENTED_EDGE('',*,*,#994,.F.);
#699=ORIENTED_EDGE('',*,*,#995,.F.);
#700=ORIENTED_EDGE('',*,*,#842,.T.);
#701=ORIENTED_EDGE('',*,*,#995,.T.);
#702=ORIENTED_EDGE('',*,*,#966,.F.);
#703=ORIENTED_EDGE('',*,*,#968,.F.);
#704=ORIENTED_EDGE('',*,*,#851,.T.);
#705=ORIENTED_EDGE('',*,*,#970,.T.);
#706=ORIENTED_EDGE('',*,*,#973,.T.);
#707=ORIENTED_EDGE('',*,*,#978,.F.);
#708=ORIENTED_EDGE('',*,*,#994,.T.);
#709=ORIENTED_EDGE('',*,*,#956,.T.);
#710=ORIENTED_EDGE('',*,*,#957,.T.);
#711=ORIENTED_EDGE('',*,*,#960,.F.);
#712=ORIENTED_EDGE('',*,*,#862,.F.);
#713=ORIENTED_EDGE('',*,*,#962,.T.);
#714=ORIENTED_EDGE('',*,*,#991,.T.);
#715=ORIENTED_EDGE('',*,*,#990,.T.);
#716=ORIENTED_EDGE('',*,*,#989,.T.);
#717=ORIENTED_EDGE('',*,*,#988,.T.);
#718=ORIENTED_EDGE('',*,*,#987,.T.);
#719=ORIENTED_EDGE('',*,*,#986,.T.);
#720=ORIENTED_EDGE('',*,*,#992,.F.);
#721=ORIENTED_EDGE('',*,*,#976,.F.);
#722=ORIENTED_EDGE('',*,*,#881,.F.);
#723=ORIENTED_EDGE('',*,*,#827,.F.);
#724=ORIENTED_EDGE('',*,*,#993,.F.);
#725=ORIENTED_EDGE('',*,*,#829,.F.);
#726=ORIENTED_EDGE('',*,*,#887,.F.);
#727=ORIENTED_EDGE('',*,*,#953,.F.);
#728=ORIENTED_EDGE('',*,*,#798,.F.);
#729=ORIENTED_EDGE('',*,*,#917,.F.);
#730=ORIENTED_EDGE('',*,*,#941,.F.);
#731=ORIENTED_EDGE('',*,*,#920,.T.);
#732=ORIENTED_EDGE('',*,*,#895,.T.);
#733=ORIENTED_EDGE('',*,*,#814,.T.);
#734=ORIENTED_EDGE('',*,*,#996,.F.);
#735=ORIENTED_EDGE('',*,*,#948,.T.);
#736=ORIENTED_EDGE('',*,*,#813,.F.);
#737=ORIENTED_EDGE('',*,*,#997,.F.);
#738=ORIENTED_EDGE('',*,*,#949,.F.);
#739=ORIENTED_EDGE('',*,*,#996,.T.);
#740=ORIENTED_EDGE('',*,*,#997,.T.);
#741=ORIENTED_EDGE('',*,*,#812,.T.);
#742=ORIENTED_EDGE('',*,*,#906,.F.);
#743=ORIENTED_EDGE('',*,*,#950,.T.);
#744=ORIENTED_EDGE('',*,*,#902,.T.);
#745=ORIENTED_EDGE('',*,*,#808,.T.);
#746=ORIENTED_EDGE('',*,*,#892,.F.);
#747=ORIENTED_EDGE('',*,*,#951,.T.);
#748=ORIENTED_EDGE('',*,*,#888,.T.);
#749=ORIENTED_EDGE('',*,*,#804,.T.);
#750=ORIENTED_EDGE('',*,*,#998,.F.);
#751=ORIENTED_EDGE('',*,*,#938,.T.);
#752=ORIENTED_EDGE('',*,*,#998,.T.);
#753=ORIENTED_EDGE('',*,*,#803,.T.);
#754=ORIENTED_EDGE('',*,*,#999,.F.);
#755=ORIENTED_EDGE('',*,*,#939,.T.);
#756=ORIENTED_EDGE('',*,*,#802,.F.);
#757=ORIENTED_EDGE('',*,*,#924,.F.);
#758=ORIENTED_EDGE('',*,*,#940,.F.);
#759=ORIENTED_EDGE('',*,*,#999,.T.);
#760=ORIENTED_EDGE('',*,*,#934,.T.);
#761=ORIENTED_EDGE('',*,*,#818,.T.);
#762=ORIENTED_EDGE('',*,*,#899,.F.);
#763=ORIENTED_EDGE('',*,*,#947,.T.);
#764=ORIENTED_EDGE('',*,*,#792,.F.);
#765=ORIENTED_EDGE('',*,*,#1000,.F.);
#766=ORIENTED_EDGE('',*,*,#942,.F.);
#767=ORIENTED_EDGE('',*,*,#914,.T.);
#768=ORIENTED_EDGE('',*,*,#791,.F.);
#769=ORIENTED_EDGE('',*,*,#1001,.F.);
#770=ORIENTED_EDGE('',*,*,#943,.F.);
#771=ORIENTED_EDGE('',*,*,#1000,.T.);
#772=ORIENTED_EDGE('',*,*,#826,.F.);
#773=ORIENTED_EDGE('',*,*,#1002,.F.);
#774=ORIENTED_EDGE('',*,*,#944,.F.);
#775=ORIENTED_EDGE('',*,*,#1001,.T.);
#776=ORIENTED_EDGE('',*,*,#1002,.T.);
#777=ORIENTED_EDGE('',*,*,#825,.T.);
#778=ORIENTED_EDGE('',*,*,#1003,.F.);
#779=ORIENTED_EDGE('',*,*,#945,.T.);
#780=ORIENTED_EDGE('',*,*,#1003,.T.);
#781=ORIENTED_EDGE('',*,*,#824,.T.);
#782=ORIENTED_EDGE('',*,*,#937,.F.);
#783=ORIENTED_EDGE('',*,*,#946,.T.);
#784=EDGE_CURVE('',#1004,#1004,#1164,.T.);
#785=EDGE_CURVE('',#1005,#1005,#1165,.T.);
#786=EDGE_CURVE('',#1006,#1006,#1166,.T.);
#787=EDGE_CURVE('',#1007,#1007,#1167,.T.);
#788=EDGE_CURVE('',#1008,#1008,#1168,.T.);
#789=EDGE_CURVE('',#1009,#1009,#1169,.T.);
#790=EDGE_CURVE('',#1010,#1010,#1170,.T.);
#791=EDGE_CURVE('',#1011,#1012,#1171,.T.);
#792=EDGE_CURVE('',#1012,#1013,#48,.T.);
#793=EDGE_CURVE('',#1013,#1014,#49,.T.);
#794=EDGE_CURVE('',#1015,#1014,#50,.T.);
#795=EDGE_CURVE('',#1015,#1016,#1172,.T.);
#796=EDGE_CURVE('',#1017,#1016,#51,.T.);
#797=EDGE_CURVE('',#1018,#1017,#52,.T.);
#798=EDGE_CURVE('',#1018,#1019,#53,.T.);
#799=EDGE_CURVE('',#1019,#1020,#54,.T.);
#800=EDGE_CURVE('',#1020,#1021,#55,.T.);
#801=EDGE_CURVE('',#1022,#1021,#56,.T.);
#802=EDGE_CURVE('',#1022,#1023,#57,.T.);
#803=EDGE_CURVE('',#1024,#1023,#1173,.F.);
#804=EDGE_CURVE('',#1025,#1024,#58,.T.);
#805=EDGE_CURVE('',#1025,#1026,#59,.T.);
#806=EDGE_CURVE('',#1027,#1026,#60,.T.);
#807=EDGE_CURVE('',#1028,#1027,#61,.T.);
#808=EDGE_CURVE('',#1029,#1028,#62,.T.);
#809=EDGE_CURVE('',#1029,#1030,#63,.T.);
#810=EDGE_CURVE('',#1030,#1031,#64,.T.);
#811=EDGE_CURVE('',#1032,#1031,#65,.T.);
#812=EDGE_CURVE('',#1033,#1032,#66,.T.);
#813=EDGE_CURVE('',#1033,#1034,#1174,.T.);
#814=EDGE_CURVE('',#1035,#1034,#67,.T.);
#815=EDGE_CURVE('',#1035,#1036,#68,.T.);
#816=EDGE_CURVE('',#1037,#1036,#69,.T.);
#817=EDGE_CURVE('',#1038,#1037,#70,.T.);
#818=EDGE_CURVE('',#1039,#1038,#71,.T.);
#819=EDGE_CURVE('',#1039,#1040,#72,.T.);
#820=EDGE_CURVE('',#1040,#1041,#73,.T.);
#821=EDGE_CURVE('',#1041,#1042,#1175,.T.);
#822=EDGE_CURVE('',#1042,#1043,#74,.T.);
#823=EDGE_CURVE('',#1044,#1043,#75,.T.);
#824=EDGE_CURVE('',#1045,#1044,#76,.T.);
#825=EDGE_CURVE('',#1046,#1045,#1176,.F.);
#826=EDGE_CURVE('',#1046,#1011,#77,.T.);
#827=EDGE_CURVE('',#1047,#1048,#78,.T.);
#828=EDGE_CURVE('',#1048,#1049,#79,.T.);
#829=EDGE_CURVE('',#1049,#1050,#80,.F.);
#830=EDGE_CURVE('',#1047,#1050,#81,.T.);
#831=EDGE_CURVE('',#1051,#1051,#1177,.T.);
#832=EDGE_CURVE('',#1052,#1052,#1178,.T.);
#833=EDGE_CURVE('',#1053,#1053,#1179,.T.);
#834=EDGE_CURVE('',#1054,#1054,#1180,.T.);
#835=EDGE_CURVE('',#1055,#1055,#1181,.T.);
#836=EDGE_CURVE('',#1056,#1056,#1182,.T.);
#837=EDGE_CURVE('',#1057,#1057,#1183,.T.);
#838=EDGE_CURVE('',#1058,#1058,#1184,.T.);
#839=EDGE_CURVE('',#1059,#1059,#1185,.T.);
#840=EDGE_CURVE('',#1060,#1060,#1186,.T.);
#841=EDGE_CURVE('',#1061,#1061,#1187,.T.);
#842=EDGE_CURVE('',#1062,#1062,#1188,.T.);
#843=EDGE_CURVE('',#1063,#1063,#1189,.T.);
#844=EDGE_CURVE('',#1064,#1064,#1190,.T.);
#845=EDGE_CURVE('',#1065,#1066,#82,.T.);
#846=EDGE_CURVE('',#1067,#1065,#83,.T.);
#847=EDGE_CURVE('',#1067,#1068,#84,.T.);
#848=EDGE_CURVE('',#1068,#1066,#85,.T.);
#849=EDGE_CURVE('',#1069,#1069,#1191,.T.);
#850=EDGE_CURVE('',#1070,#1070,#1192,.T.);
#851=EDGE_CURVE('',#1071,#1072,#86,.T.);
#852=EDGE_CURVE('',#1073,#1071,#87,.T.);
#853=EDGE_CURVE('',#1073,#1074,#88,.T.);
#854=EDGE_CURVE('',#1074,#1072,#89,.T.);
#855=EDGE_CURVE('',#1075,#1076,#90,.T.);
#856=EDGE_CURVE('',#1076,#1077,#91,.T.);
#857=EDGE_CURVE('',#1078,#1077,#92,.T.);
#858=EDGE_CURVE('',#1075,#1078,#93,.T.);
#859=EDGE_CURVE('',#1079,#1079,#1193,.T.);
#860=EDGE_CURVE('',#1080,#1080,#1194,.T.);
#861=EDGE_CURVE('',#1081,#1082,#94,.T.);
#862=EDGE_CURVE('',#1082,#1083,#95,.T.);
#863=EDGE_CURVE('',#1084,#1083,#96,.T.);
#864=EDGE_CURVE('',#1081,#1084,#97,.T.);
#865=EDGE_CURVE('',#1085,#1086,#98,.T.);
#866=EDGE_CURVE('',#1086,#1068,#1195,.T.);
#867=EDGE_CURVE('',#1085,#1067,#1196,.T.);
#868=EDGE_CURVE('',#1066,#1087,#1197,.T.);
#869=EDGE_CURVE('',#1088,#1087,#99,.T.);
#870=EDGE_CURVE('',#1065,#1088,#1198,.T.);
#871=EDGE_CURVE('',#1089,#1090,#100,.T.);
#872=EDGE_CURVE('',#1088,#1089,#101,.T.);
#873=EDGE_CURVE('',#1087,#1090,#102,.T.);
#874=EDGE_CURVE('',#1091,#1091,#1199,.T.);
#875=EDGE_CURVE('',#1092,#1092,#1200,.T.);
#876=EDGE_CURVE('',#1090,#1077,#1201,.T.);
#877=EDGE_CURVE('',#1089,#1076,#1202,.T.);
#878=EDGE_CURVE('',#1078,#1093,#1203,.T.);
#879=EDGE_CURVE('',#1094,#1093,#103,.T.);
#880=EDGE_CURVE('',#1075,#1094,#1204,.T.);
#881=EDGE_CURVE('',#1048,#1095,#1205,.F.);
#882=EDGE_CURVE('',#1096,#1095,#104,.T.);
#883=EDGE_CURVE('',#1086,#1096,#105,.T.);
#884=EDGE_CURVE('',#1085,#1094,#106,.T.);
#885=EDGE_CURVE('',#1097,#1093,#107,.T.);
#886=EDGE_CURVE('',#1097,#1098,#108,.T.);
#887=EDGE_CURVE('',#1098,#1049,#1206,.F.);
#888=EDGE_CURVE('',#1099,#1025,#109,.T.);
#889=EDGE_CURVE('',#1099,#1100,#110,.T.);
#890=EDGE_CURVE('',#1100,#1026,#111,.T.);
#891=EDGE_CURVE('',#1101,#1102,#112,.T.);
#892=EDGE_CURVE('',#1101,#1028,#113,.T.);
#893=EDGE_CURVE('',#1102,#1027,#114,.T.);
#894=EDGE_CURVE('',#1102,#1100,#115,.T.);
#895=EDGE_CURVE('',#1103,#1035,#116,.T.);
#896=EDGE_CURVE('',#1103,#1104,#117,.T.);
#897=EDGE_CURVE('',#1104,#1036,#118,.T.);
#898=EDGE_CURVE('',#1105,#1106,#119,.T.);
#899=EDGE_CURVE('',#1105,#1038,#120,.T.);
#900=EDGE_CURVE('',#1106,#1037,#121,.T.);
#901=EDGE_CURVE('',#1106,#1104,#122,.T.);
#902=EDGE_CURVE('',#1107,#1029,#123,.T.);
#903=EDGE_CURVE('',#1107,#1108,#124,.T.);
#904=EDGE_CURVE('',#1108,#1030,#125,.T.);
#905=EDGE_CURVE('',#1109,#1110,#126,.T.);
#906=EDGE_CURVE('',#1109,#1032,#127,.T.);
#907=EDGE_CURVE('',#1110,#1031,#128,.T.);
#908=EDGE_CURVE('',#1108,#1110,#129,.T.);
#909=EDGE_CURVE('',#1111,#1015,#130,.T.);
#910=EDGE_CURVE('',#1111,#1112,#1207,.T.);
#911=EDGE_CURVE('',#1112,#1016,#131,.T.);
#912=EDGE_CURVE('',#1113,#1014,#132,.T.);
#913=EDGE_CURVE('',#1111,#1113,#133,.T.);
#914=EDGE_CURVE('',#1114,#1013,#134,.T.);
#915=EDGE_CURVE('',#1114,#1113,#135,.T.);
#916=EDGE_CURVE('',#1115,#1116,#136,.T.);
#917=EDGE_CURVE('',#1115,#1018,#137,.T.);
#918=EDGE_CURVE('',#1116,#1017,#138,.T.);
#919=EDGE_CURVE('',#1116,#1112,#139,.T.);
#920=EDGE_CURVE('',#1117,#1019,#140,.T.);
#921=EDGE_CURVE('',#1117,#1118,#141,.T.);
#922=EDGE_CURVE('',#1118,#1020,#142,.T.);
#923=EDGE_CURVE('',#1119,#1120,#143,.T.);
#924=EDGE_CURVE('',#1119,#1022,#144,.T.);
#925=EDGE_CURVE('',#1120,#1021,#145,.T.);
#926=EDGE_CURVE('',#1118,#1120,#146,.T.);
#927=EDGE_CURVE('',#1121,#1042,#147,.T.);
#928=EDGE_CURVE('',#1121,#1122,#148,.T.);
#929=EDGE_CURVE('',#1122,#1043,#149,.T.);
#930=EDGE_CURVE('',#1123,#1041,#150,.T.);
#931=EDGE_CURVE('',#1123,#1121,#1208,.T.);
#932=EDGE_CURVE('',#1124,#1040,#151,.T.);
#933=EDGE_CURVE('',#1124,#1123,#152,.T.);
#934=EDGE_CURVE('',#1125,#1039,#153,.T.);
#935=EDGE_CURVE('',#1125,#1124,#154,.T.);
#936=EDGE_CURVE('',#1126,#1122,#155,.T.);
#937=EDGE_CURVE('',#1126,#1044,#156,.T.);
#938=EDGE_CURVE('',#1127,#1099,#157,.T.);
#939=EDGE_CURVE('',#1128,#1127,#1209,.T.);
#940=EDGE_CURVE('',#1128,#1119,#158,.T.);
#941=EDGE_CURVE('',#1117,#1115,#159,.T.);
#942=EDGE_CURVE('',#1114,#1129,#160,.T.);
#943=EDGE_CURVE('',#1129,#1130,#1210,.T.);
#944=EDGE_CURVE('',#1130,#1131,#161,.T.);
#945=EDGE_CURVE('',#1132,#1131,#1211,.T.);
#946=EDGE_CURVE('',#1126,#1132,#162,.T.);
#947=EDGE_CURVE('',#1105,#1125,#163,.T.);
#948=EDGE_CURVE('',#1133,#1103,#164,.T.);
#949=EDGE_CURVE('',#1133,#1134,#1212,.T.);
#950=EDGE_CURVE('',#1109,#1134,#165,.T.);
#951=EDGE_CURVE('',#1101,#1107,#166,.T.);
#952=EDGE_CURVE('',#1135,#1136,#167,.T.);
#953=EDGE_CURVE('',#1136,#1098,#168,.T.);
#954=EDGE_CURVE('',#1137,#1097,#169,.T.);
#955=EDGE_CURVE('',#1137,#1138,#170,.T.);
#956=EDGE_CURVE('',#1135,#1138,#171,.T.);
#957=EDGE_CURVE('',#1138,#1139,#172,.T.);
#958=EDGE_CURVE('',#1137,#1140,#173,.T.);
#959=EDGE_CURVE('',#1140,#1139,#174,.T.);
#960=EDGE_CURVE('',#1083,#1139,#1213,.T.);
#961=EDGE_CURVE('',#1084,#1140,#1214,.T.);
#962=EDGE_CURVE('',#1082,#1141,#1215,.T.);
#963=EDGE_CURVE('',#1081,#1142,#1216,.T.);
#964=EDGE_CURVE('',#1142,#1141,#175,.T.);
#965=EDGE_CURVE('',#1143,#1144,#176,.T.);
#966=EDGE_CURVE('',#1144,#1141,#177,.T.);
#967=EDGE_CURVE('',#1143,#1142,#178,.T.);
#968=EDGE_CURVE('',#1071,#1144,#1217,.T.);
#969=EDGE_CURVE('',#1073,#1143,#1218,.T.);
#970=EDGE_CURVE('',#1072,#1145,#1219,.T.);
#971=EDGE_CURVE('',#1074,#1146,#1220,.T.);
#972=EDGE_CURVE('',#1146,#1145,#179,.T.);
#973=EDGE_CURVE('',#1145,#1147,#180,.T.);
#974=EDGE_CURVE('',#1146,#1148,#181,.T.);
#975=EDGE_CURVE('',#1148,#1147,#182,.T.);
#976=EDGE_CURVE('',#1095,#1149,#183,.F.);
#977=EDGE_CURVE('',#1150,#1149,#184,.T.);
#978=EDGE_CURVE('',#1150,#1147,#185,.T.);
#979=EDGE_CURVE('',#1148,#1096,#186,.T.);
#980=EDGE_CURVE('',#1151,#1151,#1221,.T.);
#981=EDGE_CURVE('',#1152,#1152,#1222,.T.);
#982=EDGE_CURVE('',#1153,#1153,#1223,.T.);
#983=EDGE_CURVE('',#1154,#1154,#1224,.T.);
#984=EDGE_CURVE('',#1155,#1155,#1225,.T.);
#985=EDGE_CURVE('',#1156,#1156,#1226,.T.);
#986=EDGE_CURVE('',#1157,#1157,#1227,.T.);
#987=EDGE_CURVE('',#1158,#1158,#1228,.T.);
#988=EDGE_CURVE('',#1159,#1159,#1229,.T.);
#989=EDGE_CURVE('',#1160,#1160,#1230,.T.);
#990=EDGE_CURVE('',#1161,#1161,#1231,.T.);
#991=EDGE_CURVE('',#1162,#1162,#1232,.T.);
#992=EDGE_CURVE('',#1149,#1047,#1233,.F.);
#993=EDGE_CURVE('',#1050,#1136,#1234,.F.);
#994=EDGE_CURVE('',#1150,#1135,#187,.T.);
#995=EDGE_CURVE('',#1163,#1163,#1235,.T.);
#996=EDGE_CURVE('',#1133,#1034,#188,.T.);
#997=EDGE_CURVE('',#1134,#1033,#189,.T.);
#998=EDGE_CURVE('',#1127,#1024,#190,.T.);
#999=EDGE_CURVE('',#1128,#1023,#191,.T.);
#1000=EDGE_CURVE('',#1129,#1012,#192,.T.);
#1001=EDGE_CURVE('',#1130,#1011,#193,.T.);
#1002=EDGE_CURVE('',#1131,#1046,#194,.T.);
#1003=EDGE_CURVE('',#1132,#1045,#195,.T.);
#1004=VERTEX_POINT('',#2350);
#1005=VERTEX_POINT('',#2352);
#1006=VERTEX_POINT('',#2354);
#1007=VERTEX_POINT('',#2356);
#1008=VERTEX_POINT('',#2358);
#1009=VERTEX_POINT('',#2360);
#1010=VERTEX_POINT('',#2362);
#1011=VERTEX_POINT('',#2364);
#1012=VERTEX_POINT('',#2365);
#1013=VERTEX_POINT('',#2367);
#1014=VERTEX_POINT('',#2369);
#1015=VERTEX_POINT('',#2371);
#1016=VERTEX_POINT('',#2373);
#1017=VERTEX_POINT('',#2375);
#1018=VERTEX_POINT('',#2377);
#1019=VERTEX_POINT('',#2379);
#1020=VERTEX_POINT('',#2381);
#1021=VERTEX_POINT('',#2383);
#1022=VERTEX_POINT('',#2385);
#1023=VERTEX_POINT('',#2387);
#1024=VERTEX_POINT('',#2389);
#1025=VERTEX_POINT('',#2391);
#1026=VERTEX_POINT('',#2393);
#1027=VERTEX_POINT('',#2395);
#1028=VERTEX_POINT('',#2397);
#1029=VERTEX_POINT('',#2399);
#1030=VERTEX_POINT('',#2401);
#1031=VERTEX_POINT('',#2403);
#1032=VERTEX_POINT('',#2405);
#1033=VERTEX_POINT('',#2407);
#1034=VERTEX_POINT('',#2409);
#1035=VERTEX_POINT('',#2411);
#1036=VERTEX_POINT('',#2413);
#1037=VERTEX_POINT('',#2415);
#1038=VERTEX_POINT('',#2417);
#1039=VERTEX_POINT('',#2419);
#1040=VERTEX_POINT('',#2421);
#1041=VERTEX_POINT('',#2423);
#1042=VERTEX_POINT('',#2425);
#1043=VERTEX_POINT('',#2427);
#1044=VERTEX_POINT('',#2429);
#1045=VERTEX_POINT('',#2431);
#1046=VERTEX_POINT('',#2433);
#1047=VERTEX_POINT('',#2437);
#1048=VERTEX_POINT('',#2438);
#1049=VERTEX_POINT('',#2440);
#1050=VERTEX_POINT('',#2442);
#1051=VERTEX_POINT('',#2446);
#1052=VERTEX_POINT('',#2448);
#1053=VERTEX_POINT('',#2451);
#1054=VERTEX_POINT('',#2453);
#1055=VERTEX_POINT('',#2456);
#1056=VERTEX_POINT('',#2458);
#1057=VERTEX_POINT('',#2461);
#1058=VERTEX_POINT('',#2463);
#1059=VERTEX_POINT('',#2466);
#1060=VERTEX_POINT('',#2468);
#1061=VERTEX_POINT('',#2471);
#1062=VERTEX_POINT('',#2473);
#1063=VERTEX_POINT('',#2476);
#1064=VERTEX_POINT('',#2478);
#1065=VERTEX_POINT('',#2481);
#1066=VERTEX_POINT('',#2482);
#1067=VERTEX_POINT('',#2484);
#1068=VERTEX_POINT('',#2486);
#1069=VERTEX_POINT('',#2489);
#1070=VERTEX_POINT('',#2491);
#1071=VERTEX_POINT('',#2494);
#1072=VERTEX_POINT('',#2495);
#1073=VERTEX_POINT('',#2497);
#1074=VERTEX_POINT('',#2499);
#1075=VERTEX_POINT('',#2503);
#1076=VERTEX_POINT('',#2504);
#1077=VERTEX_POINT('',#2506);
#1078=VERTEX_POINT('',#2508);
#1079=VERTEX_POINT('',#2511);
#1080=VERTEX_POINT('',#2513);
#1081=VERTEX_POINT('',#2516);
#1082=VERTEX_POINT('',#2517);
#1083=VERTEX_POINT('',#2519);
#1084=VERTEX_POINT('',#2521);
#1085=VERTEX_POINT('',#2525);
#1086=VERTEX_POINT('',#2526);
#1087=VERTEX_POINT('',#2531);
#1088=VERTEX_POINT('',#2533);
#1089=VERTEX_POINT('',#2537);
#1090=VERTEX_POINT('',#2538);
#1091=VERTEX_POINT('',#2542);
#1092=VERTEX_POINT('',#2544);
#1093=VERTEX_POINT('',#2550);
#1094=VERTEX_POINT('',#2552);
#1095=VERTEX_POINT('',#2560);
#1096=VERTEX_POINT('',#2562);
#1097=VERTEX_POINT('',#2566);
#1098=VERTEX_POINT('',#2568);
#1099=VERTEX_POINT('',#2575);
#1100=VERTEX_POINT('',#2577);
#1101=VERTEX_POINT('',#2581);
#1102=VERTEX_POINT('',#2582);
#1103=VERTEX_POINT('',#2589);
#1104=VERTEX_POINT('',#2591);
#1105=VERTEX_POINT('',#2595);
#1106=VERTEX_POINT('',#2596);
#1107=VERTEX_POINT('',#2603);
#1108=VERTEX_POINT('',#2605);
#1109=VERTEX_POINT('',#2609);
#1110=VERTEX_POINT('',#2610);
#1111=VERTEX_POINT('',#2617);
#1112=VERTEX_POINT('',#2619);
#1113=VERTEX_POINT('',#2623);
#1114=VERTEX_POINT('',#2627);
#1115=VERTEX_POINT('',#2631);
#1116=VERTEX_POINT('',#2632);
#1117=VERTEX_POINT('',#2639);
#1118=VERTEX_POINT('',#2641);
#1119=VERTEX_POINT('',#2645);
#1120=VERTEX_POINT('',#2646);
#1121=VERTEX_POINT('',#2653);
#1122=VERTEX_POINT('',#2655);
#1123=VERTEX_POINT('',#2659);
#1124=VERTEX_POINT('',#2663);
#1125=VERTEX_POINT('',#2667);
#1126=VERTEX_POINT('',#2671);
#1127=VERTEX_POINT('',#2675);
#1128=VERTEX_POINT('',#2677);
#1129=VERTEX_POINT('',#2681);
#1130=VERTEX_POINT('',#2683);
#1131=VERTEX_POINT('',#2685);
#1132=VERTEX_POINT('',#2687);
#1133=VERTEX_POINT('',#2691);
#1134=VERTEX_POINT('',#2693);
#1135=VERTEX_POINT('',#2698);
#1136=VERTEX_POINT('',#2699);
#1137=VERTEX_POINT('',#2702);
#1138=VERTEX_POINT('',#2704);
#1139=VERTEX_POINT('',#2708);
#1140=VERTEX_POINT('',#2710);
#1141=VERTEX_POINT('',#2717);
#1142=VERTEX_POINT('',#2719);
#1143=VERTEX_POINT('',#2723);
#1144=VERTEX_POINT('',#2724);
#1145=VERTEX_POINT('',#2732);
#1146=VERTEX_POINT('',#2734);
#1147=VERTEX_POINT('',#2738);
#1148=VERTEX_POINT('',#2740);
#1149=VERTEX_POINT('',#2744);
#1150=VERTEX_POINT('',#2746);
#1151=VERTEX_POINT('',#2752);
#1152=VERTEX_POINT('',#2756);
#1153=VERTEX_POINT('',#2760);
#1154=VERTEX_POINT('',#2764);
#1155=VERTEX_POINT('',#2768);
#1156=VERTEX_POINT('',#2772);
#1157=VERTEX_POINT('',#2776);
#1158=VERTEX_POINT('',#2779);
#1159=VERTEX_POINT('',#2782);
#1160=VERTEX_POINT('',#2785);
#1161=VERTEX_POINT('',#2788);
#1162=VERTEX_POINT('',#2791);
#1163=VERTEX_POINT('',#2798);
#1164=CIRCLE('',#1694,0.0005);
#1165=CIRCLE('',#1695,0.0005);
#1166=CIRCLE('',#1696,0.0005);
#1167=CIRCLE('',#1697,0.0005);
#1168=CIRCLE('',#1698,0.0005);
#1169=CIRCLE('',#1699,0.0005);
#1170=CIRCLE('',#1700,0.0005);
#1171=CIRCLE('',#1701,0.00149999999999983);
#1172=CIRCLE('',#1702,0.001);
#1173=CIRCLE('',#1703,0.00149999999999983);
#1174=CIRCLE('',#1704,0.00149999999999983);
#1175=CIRCLE('',#1705,0.001);
#1176=CIRCLE('',#1706,0.00149999999999983);
#1177=CIRCLE('',#1709,0.0005);
#1178=CIRCLE('',#1710,0.001);
#1179=CIRCLE('',#1712,0.0005);
#1180=CIRCLE('',#1713,0.001);
#1181=CIRCLE('',#1715,0.0005);
#1182=CIRCLE('',#1716,0.001);
#1183=CIRCLE('',#1718,0.0005);
#1184=CIRCLE('',#1719,0.001);
#1185=CIRCLE('',#1721,0.0005);
#1186=CIRCLE('',#1722,0.001);
#1187=CIRCLE('',#1724,0.0005);
#1188=CIRCLE('',#1725,0.001);
#1189=CIRCLE('',#1727,0.0005);
#1190=CIRCLE('',#1728,0.001);
#1191=CIRCLE('',#1730,0.001);
#1192=CIRCLE('',#1731,0.001);
#1193=CIRCLE('',#1734,0.001);
#1194=CIRCLE('',#1735,0.001);
#1195=CIRCLE('',#1738,0.002);
#1196=CIRCLE('',#1739,0.002);
#1197=CIRCLE('',#1741,0.002);
#1198=CIRCLE('',#1742,0.002);
#1199=CIRCLE('',#1744,0.001);
#1200=CIRCLE('',#1745,0.001);
#1201=CIRCLE('',#1747,0.00200000000000003);
#1202=CIRCLE('',#1748,0.00200000000000003);
#1203=CIRCLE('',#1750,0.002);
#1204=CIRCLE('',#1751,0.002);
#1205=CIRCLE('',#1757,0.001);
#1206=CIRCLE('',#1758,0.001);
#1207=CIRCLE('',#1772,0.001);
#1208=CIRCLE('',#1782,0.001);
#1209=CIRCLE('',#1787,0.00149999999999983);
#1210=CIRCLE('',#1788,0.00149999999999983);
#1211=CIRCLE('',#1789,0.00149999999999983);
#1212=CIRCLE('',#1790,0.00149999999999983);
#1213=CIRCLE('',#1794,0.00149999999999983);
#1214=CIRCLE('',#1795,0.00149999999999983);
#1215=CIRCLE('',#1797,0.00149999999999983);
#1216=CIRCLE('',#1798,0.00149999999999983);
#1217=CIRCLE('',#1801,0.00149999999999983);
#1218=CIRCLE('',#1802,0.00149999999999983);
#1219=CIRCLE('',#1804,0.00149999999999983);
#1220=CIRCLE('',#1805,0.00149999999999983);
#1221=CIRCLE('',#1810,0.001);
#1222=CIRCLE('',#1813,0.001);
#1223=CIRCLE('',#1816,0.001);
#1224=CIRCLE('',#1819,0.001);
#1225=CIRCLE('',#1822,0.001);
#1226=CIRCLE('',#1825,0.001);
#1227=CIRCLE('',#1828,0.001);
#1228=CIRCLE('',#1830,0.001);
#1229=CIRCLE('',#1832,0.001);
#1230=CIRCLE('',#1834,0.001);
#1231=CIRCLE('',#1836,0.001);
#1232=CIRCLE('',#1838,0.001);
#1233=CIRCLE('',#1840,0.001);
#1234=CIRCLE('',#1841,0.001);
#1235=CIRCLE('',#1843,0.001);
#1236=EDGE_LOOP('',(#344));
#1237=EDGE_LOOP('',(#345));
#1238=EDGE_LOOP('',(#346));
#1239=EDGE_LOOP('',(#347));
#1240=EDGE_LOOP('',(#348));
#1241=EDGE_LOOP('',(#349));
#1242=EDGE_LOOP('',(#350));
#1243=EDGE_LOOP('',(#351,#352,#353,#354,#355,#356,#357,#358,#359,#360,#361,
#362,#363,#364,#365,#366,#367,#368,#369,#370,#371,#372,#373,#374,#375,#376,
#377,#378,#379,#380,#381,#382,#383,#384,#385,#386));
#1244=EDGE_LOOP('',(#387,#388,#389,#390));
#1245=EDGE_LOOP('',(#391));
#1246=EDGE_LOOP('',(#392));
#1247=EDGE_LOOP('',(#393));
#1248=EDGE_LOOP('',(#394));
#1249=EDGE_LOOP('',(#395));
#1250=EDGE_LOOP('',(#396));
#1251=EDGE_LOOP('',(#397));
#1252=EDGE_LOOP('',(#398));
#1253=EDGE_LOOP('',(#399));
#1254=EDGE_LOOP('',(#400));
#1255=EDGE_LOOP('',(#401));
#1256=EDGE_LOOP('',(#402));
#1257=EDGE_LOOP('',(#403));
#1258=EDGE_LOOP('',(#404));
#1259=EDGE_LOOP('',(#405,#406,#407,#408));
#1260=EDGE_LOOP('',(#409));
#1261=EDGE_LOOP('',(#410));
#1262=EDGE_LOOP('',(#411,#412,#413,#414));
#1263=EDGE_LOOP('',(#415,#416,#417,#418));
#1264=EDGE_LOOP('',(#419));
#1265=EDGE_LOOP('',(#420));
#1266=EDGE_LOOP('',(#421,#422,#423,#424));
#1267=EDGE_LOOP('',(#425,#426,#427,#428));
#1268=EDGE_LOOP('',(#429,#430,#431,#432));
#1269=EDGE_LOOP('',(#433,#434,#435,#436));
#1270=EDGE_LOOP('',(#437));
#1271=EDGE_LOOP('',(#438));
#1272=EDGE_LOOP('',(#439,#440,#441,#442));
#1273=EDGE_LOOP('',(#443,#444,#445,#446));
#1274=EDGE_LOOP('',(#447));
#1275=EDGE_LOOP('',(#448));
#1276=EDGE_LOOP('',(#449));
#1277=EDGE_LOOP('',(#450));
#1278=EDGE_LOOP('',(#451));
#1279=EDGE_LOOP('',(#452));
#1280=EDGE_LOOP('',(#453));
#1281=EDGE_LOOP('',(#454));
#1282=EDGE_LOOP('',(#455,#456,#457,#458,#459,#460,#461,#462,#463,#464));
#1283=EDGE_LOOP('',(#465));
#1284=EDGE_LOOP('',(#466));
#1285=EDGE_LOOP('',(#467));
#1286=EDGE_LOOP('',(#468));
#1287=EDGE_LOOP('',(#469));
#1288=EDGE_LOOP('',(#470));
#1289=EDGE_LOOP('',(#471,#472,#473,#474));
#1290=EDGE_LOOP('',(#475,#476,#477,#478));
#1291=EDGE_LOOP('',(#479,#480,#481,#482));
#1292=EDGE_LOOP('',(#483,#484,#485,#486));
#1293=EDGE_LOOP('',(#487,#488,#489,#490));
#1294=EDGE_LOOP('',(#491,#492,#493,#494));
#1295=EDGE_LOOP('',(#495,#496,#497,#498));
#1296=EDGE_LOOP('',(#499,#500,#501,#502));
#1297=EDGE_LOOP('',(#503,#504,#505,#506));
#1298=EDGE_LOOP('',(#507,#508,#509,#510));
#1299=EDGE_LOOP('',(#511,#512,#513,#514));
#1300=EDGE_LOOP('',(#515,#516,#517,#518));
#1301=EDGE_LOOP('',(#519,#520,#521,#522));
#1302=EDGE_LOOP('',(#523,#524,#525,#526));
#1303=EDGE_LOOP('',(#527,#528,#529,#530));
#1304=EDGE_LOOP('',(#531,#532,#533,#534));
#1305=EDGE_LOOP('',(#535,#536,#537,#538));
#1306=EDGE_LOOP('',(#539,#540,#541,#542));
#1307=EDGE_LOOP('',(#543,#544,#545,#546));
#1308=EDGE_LOOP('',(#547,#548,#549,#550));
#1309=EDGE_LOOP('',(#551,#552,#553,#554));
#1310=EDGE_LOOP('',(#555,#556,#557,#558));
#1311=EDGE_LOOP('',(#559,#560,#561,#562,#563,#564,#565,#566,#567,#568,#569,
#570,#571,#572,#573,#574,#575,#576,#577,#578,#579,#580,#581,#582,#583,#584,
#585,#586,#587,#588,#589,#590,#591,#592,#593,#594));
#1312=EDGE_LOOP('',(#595,#596,#597,#598,#599,#600,#601,#602));
#1313=EDGE_LOOP('',(#603,#604,#605,#606,#607,#608));
#1314=EDGE_LOOP('',(#609,#610,#611,#612));
#1315=EDGE_LOOP('',(#613,#614,#615,#616));
#1316=EDGE_LOOP('',(#617,#618,#619,#620));
#1317=EDGE_LOOP('',(#621,#622,#623,#624));
#1318=EDGE_LOOP('',(#625,#626,#627,#628));
#1319=EDGE_LOOP('',(#629,#630,#631,#632));
#1320=EDGE_LOOP('',(#633,#634,#635,#636));
#1321=EDGE_LOOP('',(#637,#638,#639,#640,#641,#642));
#1322=EDGE_LOOP('',(#643,#644,#645,#646,#647,#648,#649,#650,#651,#652,#653,
#654,#655,#656,#657,#658,#659,#660,#661,#662));
#1323=EDGE_LOOP('',(#663));
#1324=EDGE_LOOP('',(#664));
#1325=EDGE_LOOP('',(#665));
#1326=EDGE_LOOP('',(#666));
#1327=EDGE_LOOP('',(#667));
#1328=EDGE_LOOP('',(#668));
#1329=EDGE_LOOP('',(#669));
#1330=EDGE_LOOP('',(#670));
#1331=EDGE_LOOP('',(#671));
#1332=EDGE_LOOP('',(#672));
#1333=EDGE_LOOP('',(#673));
#1334=EDGE_LOOP('',(#674));
#1335=EDGE_LOOP('',(#675));
#1336=EDGE_LOOP('',(#676));
#1337=EDGE_LOOP('',(#677));
#1338=EDGE_LOOP('',(#678));
#1339=EDGE_LOOP('',(#679));
#1340=EDGE_LOOP('',(#680));
#1341=EDGE_LOOP('',(#681));
#1342=EDGE_LOOP('',(#682));
#1343=EDGE_LOOP('',(#683));
#1344=EDGE_LOOP('',(#684));
#1345=EDGE_LOOP('',(#685));
#1346=EDGE_LOOP('',(#686));
#1347=EDGE_LOOP('',(#687));
#1348=EDGE_LOOP('',(#688));
#1349=EDGE_LOOP('',(#689));
#1350=EDGE_LOOP('',(#690));
#1351=EDGE_LOOP('',(#691));
#1352=EDGE_LOOP('',(#692));
#1353=EDGE_LOOP('',(#693,#694,#695,#696,#697,#698));
#1354=EDGE_LOOP('',(#699));
#1355=EDGE_LOOP('',(#700));
#1356=EDGE_LOOP('',(#701));
#1357=EDGE_LOOP('',(#702,#703,#704,#705,#706,#707,#708,#709,#710,#711,#712,
#713));
#1358=EDGE_LOOP('',(#714));
#1359=EDGE_LOOP('',(#715));
#1360=EDGE_LOOP('',(#716));
#1361=EDGE_LOOP('',(#717));
#1362=EDGE_LOOP('',(#718));
#1363=EDGE_LOOP('',(#719));
#1364=EDGE_LOOP('',(#720,#721,#722,#723));
#1365=EDGE_LOOP('',(#724,#725,#726,#727));
#1366=EDGE_LOOP('',(#728,#729,#730,#731));
#1367=EDGE_LOOP('',(#732,#733,#734,#735));
#1368=EDGE_LOOP('',(#736,#737,#738,#739));
#1369=EDGE_LOOP('',(#740,#741,#742,#743));
#1370=EDGE_LOOP('',(#744,#745,#746,#747));
#1371=EDGE_LOOP('',(#748,#749,#750,#751));
#1372=EDGE_LOOP('',(#752,#753,#754,#755));
#1373=EDGE_LOOP('',(#756,#757,#758,#759));
#1374=EDGE_LOOP('',(#760,#761,#762,#763));
#1375=EDGE_LOOP('',(#764,#765,#766,#767));
#1376=EDGE_LOOP('',(#768,#769,#770,#771));
#1377=EDGE_LOOP('',(#772,#773,#774,#775));
#1378=EDGE_LOOP('',(#776,#777,#778,#779));
#1379=EDGE_LOOP('',(#780,#781,#782,#783));
#1380=FACE_BOUND('',#1236,.T.);
#1381=FACE_BOUND('',#1237,.T.);
#1382=FACE_BOUND('',#1238,.T.);
#1383=FACE_BOUND('',#1239,.T.);
#1384=FACE_BOUND('',#1240,.T.);
#1385=FACE_BOUND('',#1241,.T.);
#1386=FACE_BOUND('',#1242,.T.);
#1387=FACE_BOUND('',#1243,.T.);
#1388=FACE_BOUND('',#1244,.T.);
#1389=FACE_BOUND('',#1245,.T.);
#1390=FACE_BOUND('',#1246,.T.);
#1391=FACE_BOUND('',#1247,.T.);
#1392=FACE_BOUND('',#1248,.T.);
#1393=FACE_BOUND('',#1249,.T.);
#1394=FACE_BOUND('',#1250,.T.);
#1395=FACE_BOUND('',#1251,.T.);
#1396=FACE_BOUND('',#1252,.T.);
#1397=FACE_BOUND('',#1253,.T.);
#1398=FACE_BOUND('',#1254,.T.);
#1399=FACE_BOUND('',#1255,.T.);
#1400=FACE_BOUND('',#1256,.T.);
#1401=FACE_BOUND('',#1257,.T.);
#1402=FACE_BOUND('',#1258,.T.);
#1403=FACE_BOUND('',#1259,.T.);
#1404=FACE_BOUND('',#1260,.T.);
#1405=FACE_BOUND('',#1261,.T.);
#1406=FACE_BOUND('',#1262,.T.);
#1407=FACE_BOUND('',#1263,.T.);
#1408=FACE_BOUND('',#1264,.T.);
#1409=FACE_BOUND('',#1265,.T.);
#1410=FACE_BOUND('',#1266,.T.);
#1411=FACE_BOUND('',#1267,.T.);
#1412=FACE_BOUND('',#1268,.T.);
#1413=FACE_BOUND('',#1269,.T.);
#1414=FACE_BOUND('',#1270,.T.);
#1415=FACE_BOUND('',#1271,.T.);
#1416=FACE_BOUND('',#1272,.T.);
#1417=FACE_BOUND('',#1273,.T.);
#1418=FACE_BOUND('',#1274,.T.);
#1419=FACE_BOUND('',#1275,.T.);
#1420=FACE_BOUND('',#1276,.T.);
#1421=FACE_BOUND('',#1277,.T.);
#1422=FACE_BOUND('',#1278,.T.);
#1423=FACE_BOUND('',#1279,.T.);
#1424=FACE_BOUND('',#1280,.T.);
#1425=FACE_BOUND('',#1281,.T.);
#1426=FACE_BOUND('',#1282,.T.);
#1427=FACE_BOUND('',#1283,.T.);
#1428=FACE_BOUND('',#1284,.T.);
#1429=FACE_BOUND('',#1285,.T.);
#1430=FACE_BOUND('',#1286,.T.);
#1431=FACE_BOUND('',#1287,.T.);
#1432=FACE_BOUND('',#1288,.T.);
#1433=FACE_BOUND('',#1289,.T.);
#1434=FACE_BOUND('',#1290,.T.);
#1435=FACE_BOUND('',#1291,.T.);
#1436=FACE_BOUND('',#1292,.T.);
#1437=FACE_BOUND('',#1293,.T.);
#1438=FACE_BOUND('',#1294,.T.);
#1439=FACE_BOUND('',#1295,.T.);
#1440=FACE_BOUND('',#1296,.T.);
#1441=FACE_BOUND('',#1297,.T.);
#1442=FACE_BOUND('',#1298,.T.);
#1443=FACE_BOUND('',#1299,.T.);
#1444=FACE_BOUND('',#1300,.T.);
#1445=FACE_BOUND('',#1301,.T.);
#1446=FACE_BOUND('',#1302,.T.);
#1447=FACE_BOUND('',#1303,.T.);
#1448=FACE_BOUND('',#1304,.T.);
#1449=FACE_BOUND('',#1305,.T.);
#1450=FACE_BOUND('',#1306,.T.);
#1451=FACE_BOUND('',#1307,.T.);
#1452=FACE_BOUND('',#1308,.T.);
#1453=FACE_BOUND('',#1309,.T.);
#1454=FACE_BOUND('',#1310,.T.);
#1455=FACE_BOUND('',#1311,.T.);
#1456=FACE_BOUND('',#1312,.T.);
#1457=FACE_BOUND('',#1313,.T.);
#1458=FACE_BOUND('',#1314,.T.);
#1459=FACE_BOUND('',#1315,.T.);
#1460=FACE_BOUND('',#1316,.T.);
#1461=FACE_BOUND('',#1317,.T.);
#1462=FACE_BOUND('',#1318,.T.);
#1463=FACE_BOUND('',#1319,.T.);
#1464=FACE_BOUND('',#1320,.T.);
#1465=FACE_BOUND('',#1321,.T.);
#1466=FACE_BOUND('',#1322,.T.);
#1467=FACE_BOUND('',#1323,.T.);
#1468=FACE_BOUND('',#1324,.T.);
#1469=FACE_BOUND('',#1325,.T.);
#1470=FACE_BOUND('',#1326,.T.);
#1471=FACE_BOUND('',#1327,.T.);
#1472=FACE_BOUND('',#1328,.T.);
#1473=FACE_BOUND('',#1329,.T.);
#1474=FACE_BOUND('',#1330,.T.);
#1475=FACE_BOUND('',#1331,.T.);
#1476=FACE_BOUND('',#1332,.T.);
#1477=FACE_BOUND('',#1333,.T.);
#1478=FACE_BOUND('',#1334,.T.);
#1479=FACE_BOUND('',#1335,.T.);
#1480=FACE_BOUND('',#1336,.T.);
#1481=FACE_BOUND('',#1337,.T.);
#1482=FACE_BOUND('',#1338,.T.);
#1483=FACE_BOUND('',#1339,.T.);
#1484=FACE_BOUND('',#1340,.T.);
#1485=FACE_BOUND('',#1341,.T.);
#1486=FACE_BOUND('',#1342,.T.);
#1487=FACE_BOUND('',#1343,.T.);
#1488=FACE_BOUND('',#1344,.T.);
#1489=FACE_BOUND('',#1345,.T.);
#1490=FACE_BOUND('',#1346,.T.);
#1491=FACE_BOUND('',#1347,.T.);
#1492=FACE_BOUND('',#1348,.T.);
#1493=FACE_BOUND('',#1349,.T.);
#1494=FACE_BOUND('',#1350,.T.);
#1495=FACE_BOUND('',#1351,.T.);
#1496=FACE_BOUND('',#1352,.T.);
#1497=FACE_BOUND('',#1353,.T.);
#1498=FACE_BOUND('',#1354,.T.);
#1499=FACE_BOUND('',#1355,.T.);
#1500=FACE_BOUND('',#1356,.T.);
#1501=FACE_BOUND('',#1357,.T.);
#1502=FACE_BOUND('',#1358,.T.);
#1503=FACE_BOUND('',#1359,.T.);
#1504=FACE_BOUND('',#1360,.T.);
#1505=FACE_BOUND('',#1361,.T.);
#1506=FACE_BOUND('',#1362,.T.);
#1507=FACE_BOUND('',#1363,.T.);
#1508=FACE_BOUND('',#1364,.T.);
#1509=FACE_BOUND('',#1365,.T.);
#1510=FACE_BOUND('',#1366,.T.);
#1511=FACE_BOUND('',#1367,.T.);
#1512=FACE_BOUND('',#1368,.T.);
#1513=FACE_BOUND('',#1369,.T.);
#1514=FACE_BOUND('',#1370,.T.);
#1515=FACE_BOUND('',#1371,.T.);
#1516=FACE_BOUND('',#1372,.T.);
#1517=FACE_BOUND('',#1373,.T.);
#1518=FACE_BOUND('',#1374,.T.);
#1519=FACE_BOUND('',#1375,.T.);
#1520=FACE_BOUND('',#1376,.T.);
#1521=FACE_BOUND('',#1377,.T.);
#1522=FACE_BOUND('',#1378,.T.);
#1523=FACE_BOUND('',#1379,.T.);
#1524=PLANE('',#1693);
#1525=PLANE('',#1707);
#1526=PLANE('',#1708);
#1527=PLANE('',#1711);
#1528=PLANE('',#1714);
#1529=PLANE('',#1717);
#1530=PLANE('',#1720);
#1531=PLANE('',#1723);
#1532=PLANE('',#1726);
#1533=PLANE('',#1729);
#1534=PLANE('',#1732);
#1535=PLANE('',#1733);
#1536=PLANE('',#1736);
#1537=PLANE('',#1743);
#1538=PLANE('',#1756);
#1539=PLANE('',#1762);
#1540=PLANE('',#1763);
#1541=PLANE('',#1764);
#1542=PLANE('',#1765);
#1543=PLANE('',#1766);
#1544=PLANE('',#1767);
#1545=PLANE('',#1768);
#1546=PLANE('',#1769);
#1547=PLANE('',#1770);
#1548=PLANE('',#1773);
#1549=PLANE('',#1774);
#1550=PLANE('',#1775);
#1551=PLANE('',#1776);
#1552=PLANE('',#1777);
#1553=PLANE('',#1778);
#1554=PLANE('',#1779);
#1555=PLANE('',#1780);
#1556=PLANE('',#1783);
#1557=PLANE('',#1784);
#1558=PLANE('',#1785);
#1559=PLANE('',#1786);
#1560=PLANE('',#1791);
#1561=PLANE('',#1792);
#1562=PLANE('',#1799);
#1563=PLANE('',#1806);
#1564=PLANE('',#1807);
#1565=PLANE('',#1808);
#1566=PLANE('',#1809);
#1567=PLANE('',#1812);
#1568=PLANE('',#1817);
#1569=PLANE('',#1820);
#1570=PLANE('',#1821);
#1571=PLANE('',#1824);
#1572=PLANE('',#1839);
#1573=PLANE('',#1844);
#1574=PLANE('',#1847);
#1575=PLANE('',#1848);
#1576=PLANE('',#1850);
#1577=PLANE('',#1851);
#1578=PLANE('',#1852);
#1579=PLANE('',#1854);
#1580=PLANE('',#1855);
#1581=PLANE('',#1856);
#1582=PLANE('',#1858);
#1583=PLANE('',#1860);
#1584=ADVANCED_FACE('',(#1380,#1381,#1382,#1383,#1384,#1385,#1386,#1387),
#1524,.T.);
#1585=ADVANCED_FACE('',(#1388),#1525,.F.);
#1586=ADVANCED_FACE('',(#1389,#1390),#1526,.F.);
#1587=ADVANCED_FACE('',(#1391,#1392),#1527,.F.);
#1588=ADVANCED_FACE('',(#1393,#1394),#1528,.F.);
#1589=ADVANCED_FACE('',(#1395,#1396),#1529,.F.);
#1590=ADVANCED_FACE('',(#1397,#1398),#1530,.F.);
#1591=ADVANCED_FACE('',(#1399,#1400),#1531,.F.);
#1592=ADVANCED_FACE('',(#1401,#1402),#1532,.F.);
#1593=ADVANCED_FACE('',(#1403,#1404,#1405),#1533,.F.);
#1594=ADVANCED_FACE('',(#1406),#1534,.T.);
#1595=ADVANCED_FACE('',(#1407,#1408,#1409),#1535,.T.);
#1596=ADVANCED_FACE('',(#1410),#1536,.F.);
#1597=ADVANCED_FACE('',(#1411),#12,.T.);
#1598=ADVANCED_FACE('',(#1412),#13,.T.);
#1599=ADVANCED_FACE('',(#1413,#1414,#1415),#1537,.F.);
#1600=ADVANCED_FACE('',(#1416),#14,.T.);
#1601=ADVANCED_FACE('',(#1417),#15,.T.);
#1602=ADVANCED_FACE('',(#1418,#1419),#16,.F.);
#1603=ADVANCED_FACE('',(#1420,#1421),#17,.F.);
#1604=ADVANCED_FACE('',(#1422,#1423),#18,.F.);
#1605=ADVANCED_FACE('',(#1424,#1425),#19,.F.);
#1606=ADVANCED_FACE('',(#1426),#1538,.T.);
#1607=ADVANCED_FACE('',(#1427,#1428),#20,.F.);
#1608=ADVANCED_FACE('',(#1429,#1430),#21,.F.);
#1609=ADVANCED_FACE('',(#1431,#1432),#22,.F.);
#1610=ADVANCED_FACE('',(#1433),#1539,.T.);
#1611=ADVANCED_FACE('',(#1434),#1540,.F.);
#1612=ADVANCED_FACE('',(#1435),#1541,.F.);
#1613=ADVANCED_FACE('',(#1436),#1542,.T.);
#1614=ADVANCED_FACE('',(#1437),#1543,.F.);
#1615=ADVANCED_FACE('',(#1438),#1544,.F.);
#1616=ADVANCED_FACE('',(#1439),#1545,.T.);
#1617=ADVANCED_FACE('',(#1440),#1546,.F.);
#1618=ADVANCED_FACE('',(#1441),#1547,.T.);
#1619=ADVANCED_FACE('',(#1442),#23,.F.);
#1620=ADVANCED_FACE('',(#1443),#1548,.F.);
#1621=ADVANCED_FACE('',(#1444),#1549,.T.);
#1622=ADVANCED_FACE('',(#1445),#1550,.F.);
#1623=ADVANCED_FACE('',(#1446),#1551,.F.);
#1624=ADVANCED_FACE('',(#1447),#1552,.T.);
#1625=ADVANCED_FACE('',(#1448),#1553,.F.);
#1626=ADVANCED_FACE('',(#1449),#1554,.T.);
#1627=ADVANCED_FACE('',(#1450),#1555,.T.);
#1628=ADVANCED_FACE('',(#1451),#24,.F.);
#1629=ADVANCED_FACE('',(#1452),#1556,.T.);
#1630=ADVANCED_FACE('',(#1453),#1557,.T.);
#1631=ADVANCED_FACE('',(#1454),#1558,.F.);
#1632=ADVANCED_FACE('',(#1455,#1456),#1559,.T.);
#1633=ADVANCED_FACE('',(#1457),#1560,.F.);
#1634=ADVANCED_FACE('',(#1458),#1561,.T.);
#1635=ADVANCED_FACE('',(#1459),#25,.F.);
#1636=ADVANCED_FACE('',(#1460),#26,.F.);
#1637=ADVANCED_FACE('',(#1461),#1562,.F.);
#1638=ADVANCED_FACE('',(#1462),#27,.F.);
#1639=ADVANCED_FACE('',(#1463),#28,.F.);
#1640=ADVANCED_FACE('',(#1464),#1563,.T.);
#1641=ADVANCED_FACE('',(#1465),#1564,.T.);
#1642=ADVANCED_FACE('',(#1466),#1565,.F.);
#1643=ADVANCED_FACE('',(#1467),#1566,.T.);
#1644=ADVANCED_FACE('',(#1468,#1469),#29,.F.);
#1645=ADVANCED_FACE('',(#1470),#1567,.T.);
#1646=ADVANCED_FACE('',(#1471,#1472),#30,.F.);
#1647=ADVANCED_FACE('',(#1473,#1474),#31,.F.);
#1648=ADVANCED_FACE('',(#1475),#1568,.T.);
#1649=ADVANCED_FACE('',(#1476,#1477),#32,.F.);
#1650=ADVANCED_FACE('',(#1478),#1569,.T.);
#1651=ADVANCED_FACE('',(#1479),#1570,.T.);
#1652=ADVANCED_FACE('',(#1480,#1481),#33,.F.);
#1653=ADVANCED_FACE('',(#1482),#1571,.T.);
#1654=ADVANCED_FACE('',(#1483,#1484),#34,.F.);
#1655=ADVANCED_FACE('',(#1485,#1486),#35,.F.);
#1656=ADVANCED_FACE('',(#1487,#1488),#36,.F.);
#1657=ADVANCED_FACE('',(#1489,#1490),#37,.F.);
#1658=ADVANCED_FACE('',(#1491,#1492),#38,.F.);
#1659=ADVANCED_FACE('',(#1493,#1494),#39,.F.);
#1660=ADVANCED_FACE('',(#1495,#1496),#40,.F.);
#1661=ADVANCED_FACE('',(#1497),#1572,.F.);
#1662=ADVANCED_FACE('',(#1498,#1499),#41,.F.);
#1663=ADVANCED_FACE('',(#1500,#1501,#1502,#1503,#1504,#1505,#1506,#1507),
#1573,.F.);
#1664=ADVANCED_FACE('',(#1508),#42,.F.);
#1665=ADVANCED_FACE('',(#1509),#43,.F.);
#1666=ADVANCED_FACE('',(#1510),#1574,.F.);
#1667=ADVANCED_FACE('',(#1511),#1575,.T.);
#1668=ADVANCED_FACE('',(#1512),#44,.F.);
#1669=ADVANCED_FACE('',(#1513),#1576,.T.);
#1670=ADVANCED_FACE('',(#1514),#1577,.T.);
#1671=ADVANCED_FACE('',(#1515),#1578,.T.);
#1672=ADVANCED_FACE('',(#1516),#45,.F.);
#1673=ADVANCED_FACE('',(#1517),#1579,.F.);
#1674=ADVANCED_FACE('',(#1518),#1580,.T.);
#1675=ADVANCED_FACE('',(#1519),#1581,.F.);
#1676=ADVANCED_FACE('',(#1520),#46,.F.);
#1677=ADVANCED_FACE('',(#1521),#1582,.F.);
#1678=ADVANCED_FACE('',(#1522),#47,.F.);
#1679=ADVANCED_FACE('',(#1523),#1583,.T.);
#1680=CLOSED_SHELL('',(#1584,#1585,#1586,#1587,#1588,#1589,#1590,#1591,
#1592,#1593,#1594,#1595,#1596,#1597,#1598,#1599,#1600,#1601,#1602,#1603,
#1604,#1605,#1606,#1607,#1608,#1609,#1610,#1611,#1612,#1613,#1614,#1615,
#1616,#1617,#1618,#1619,#1620,#1621,#1622,#1623,#1624,#1625,#1626,#1627,
#1628,#1629,#1630,#1631,#1632,#1633,#1634,#1635,#1636,#1637,#1638,#1639,
#1640,#1641,#1642,#1643,#1644,#1645,#1646,#1647,#1648,#1649,#1650,#1651,
#1652,#1653,#1654,#1655,#1656,#1657,#1658,#1659,#1660,#1661,#1662,#1663,
#1664,#1665,#1666,#1667,#1668,#1669,#1670,#1671,#1672,#1673,#1674,#1675,
#1676,#1677,#1678,#1679));
#1681=STYLED_ITEM('',(#1682),#1689);
#1682=PRESENTATION_STYLE_ASSIGNMENT((#1683));
#1683=SURFACE_STYLE_USAGE(.BOTH.,#1684);
#1684=SURFACE_SIDE_STYLE('',(#1685));
#1685=SURFACE_STYLE_FILL_AREA(#1686);
#1686=FILL_AREA_STYLE('',(#1687));
#1687=FILL_AREA_STYLE_COLOUR('',#1688);
#1688=COLOUR_RGB('',0.137254901960784,0.137254901960784,0.137254901960784);
#1689=MANIFOLD_SOLID_BREP('Part 1',#1680);
#1690=SHAPE_DEFINITION_REPRESENTATION(#2830,#1691);
#1691=SHAPE_REPRESENTATION('Part 1',(#1692),#2825);
#1692=AXIS2_PLACEMENT_3D('',#2347,#1861,#1862);
#1693=AXIS2_PLACEMENT_3D('',#2348,#1863,#1864);
#1694=AXIS2_PLACEMENT_3D('',#2349,#1865,#1866);
#1695=AXIS2_PLACEMENT_3D('',#2351,#1867,#1868);
#1696=AXIS2_PLACEMENT_3D('',#2353,#1869,#1870);
#1697=AXIS2_PLACEMENT_3D('',#2355,#1871,#1872);
#1698=AXIS2_PLACEMENT_3D('',#2357,#1873,#1874);
#1699=AXIS2_PLACEMENT_3D('',#2359,#1875,#1876);
#1700=AXIS2_PLACEMENT_3D('',#2361,#1877,#1878);
#1701=AXIS2_PLACEMENT_3D('',#2363,#1879,#1880);
#1702=AXIS2_PLACEMENT_3D('',#2372,#1884,#1885);
#1703=AXIS2_PLACEMENT_3D('',#2388,#1893,#1894);
#1704=AXIS2_PLACEMENT_3D('',#2408,#1904,#1905);
#1705=AXIS2_PLACEMENT_3D('',#2424,#1913,#1914);
#1706=AXIS2_PLACEMENT_3D('',#2432,#1918,#1919);
#1707=AXIS2_PLACEMENT_3D('',#2435,#1921,#1922);
#1708=AXIS2_PLACEMENT_3D('',#2444,#1927,#1928);
#1709=AXIS2_PLACEMENT_3D('',#2445,#1929,#1930);
#1710=AXIS2_PLACEMENT_3D('',#2447,#1931,#1932);
#1711=AXIS2_PLACEMENT_3D('',#2449,#1933,#1934);
#1712=AXIS2_PLACEMENT_3D('',#2450,#1935,#1936);
#1713=AXIS2_PLACEMENT_3D('',#2452,#1937,#1938);
#1714=AXIS2_PLACEMENT_3D('',#2454,#1939,#1940);
#1715=AXIS2_PLACEMENT_3D('',#2455,#1941,#1942);
#1716=AXIS2_PLACEMENT_3D('',#2457,#1943,#1944);
#1717=AXIS2_PLACEMENT_3D('',#2459,#1945,#1946);
#1718=AXIS2_PLACEMENT_3D('',#2460,#1947,#1948);
#1719=AXIS2_PLACEMENT_3D('',#2462,#1949,#1950);
#1720=AXIS2_PLACEMENT_3D('',#2464,#1951,#1952);
#1721=AXIS2_PLACEMENT_3D('',#2465,#1953,#1954);
#1722=AXIS2_PLACEMENT_3D('',#2467,#1955,#1956);
#1723=AXIS2_PLACEMENT_3D('',#2469,#1957,#1958);
#1724=AXIS2_PLACEMENT_3D('',#2470,#1959,#1960);
#1725=AXIS2_PLACEMENT_3D('',#2472,#1961,#1962);
#1726=AXIS2_PLACEMENT_3D('',#2474,#1963,#1964);
#1727=AXIS2_PLACEMENT_3D('',#2475,#1965,#1966);
#1728=AXIS2_PLACEMENT_3D('',#2477,#1967,#1968);
#1729=AXIS2_PLACEMENT_3D('',#2479,#1969,#1970);
#1730=AXIS2_PLACEMENT_3D('',#2488,#1975,#1976);
#1731=AXIS2_PLACEMENT_3D('',#2490,#1977,#1978);
#1732=AXIS2_PLACEMENT_3D('',#2492,#1979,#1980);
#1733=AXIS2_PLACEMENT_3D('',#2501,#1985,#1986);
#1734=AXIS2_PLACEMENT_3D('',#2510,#1991,#1992);
#1735=AXIS2_PLACEMENT_3D('',#2512,#1993,#1994);
#1736=AXIS2_PLACEMENT_3D('',#2514,#1995,#1996);
#1737=AXIS2_PLACEMENT_3D('',#2523,#2001,#2002);
#1738=AXIS2_PLACEMENT_3D('',#2527,#2004,#2005);
#1739=AXIS2_PLACEMENT_3D('',#2528,#2006,#2007);
#1740=AXIS2_PLACEMENT_3D('',#2529,#2008,#2009);
#1741=AXIS2_PLACEMENT_3D('',#2530,#2010,#2011);
#1742=AXIS2_PLACEMENT_3D('',#2534,#2013,#2014);
#1743=AXIS2_PLACEMENT_3D('',#2535,#2015,#2016);
#1744=AXIS2_PLACEMENT_3D('',#2541,#2020,#2021);
#1745=AXIS2_PLACEMENT_3D('',#2543,#2022,#2023);
#1746=AXIS2_PLACEMENT_3D('',#2545,#2024,#2025);
#1747=AXIS2_PLACEMENT_3D('',#2546,#2026,#2027);
#1748=AXIS2_PLACEMENT_3D('',#2547,#2028,#2029);
#1749=AXIS2_PLACEMENT_3D('',#2548,#2030,#2031);
#1750=AXIS2_PLACEMENT_3D('',#2549,#2032,#2033);
#1751=AXIS2_PLACEMENT_3D('',#2553,#2035,#2036);
#1752=AXIS2_PLACEMENT_3D('',#2554,#2037,#2038);
#1753=AXIS2_PLACEMENT_3D('',#2555,#2039,#2040);
#1754=AXIS2_PLACEMENT_3D('',#2556,#2041,#2042);
#1755=AXIS2_PLACEMENT_3D('',#2557,#2043,#2044);
#1756=AXIS2_PLACEMENT_3D('',#2558,#2045,#2046);
#1757=AXIS2_PLACEMENT_3D('',#2559,#2047,#2048);
#1758=AXIS2_PLACEMENT_3D('',#2569,#2054,#2055);
#1759=AXIS2_PLACEMENT_3D('',#2570,#2056,#2057);
#1760=AXIS2_PLACEMENT_3D('',#2571,#2058,#2059);
#1761=AXIS2_PLACEMENT_3D('',#2572,#2060,#2061);
#1762=AXIS2_PLACEMENT_3D('',#2573,#2062,#2063);
#1763=AXIS2_PLACEMENT_3D('',#2579,#2067,#2068);
#1764=AXIS2_PLACEMENT_3D('',#2585,#2072,#2073);
#1765=AXIS2_PLACEMENT_3D('',#2587,#2075,#2076);
#1766=AXIS2_PLACEMENT_3D('',#2593,#2080,#2081);
#1767=AXIS2_PLACEMENT_3D('',#2599,#2085,#2086);
#1768=AXIS2_PLACEMENT_3D('',#2601,#2088,#2089);
#1769=AXIS2_PLACEMENT_3D('',#2607,#2093,#2094);
#1770=AXIS2_PLACEMENT_3D('',#2613,#2098,#2099);
#1771=AXIS2_PLACEMENT_3D('',#2615,#2101,#2102);
#1772=AXIS2_PLACEMENT_3D('',#2618,#2104,#2105);
#1773=AXIS2_PLACEMENT_3D('',#2621,#2107,#2108);
#1774=AXIS2_PLACEMENT_3D('',#2625,#2111,#2112);
#1775=AXIS2_PLACEMENT_3D('',#2629,#2115,#2116);
#1776=AXIS2_PLACEMENT_3D('',#2635,#2120,#2121);
#1777=AXIS2_PLACEMENT_3D('',#2637,#2123,#2124);
#1778=AXIS2_PLACEMENT_3D('',#2643,#2128,#2129);
#1779=AXIS2_PLACEMENT_3D('',#2649,#2133,#2134);
#1780=AXIS2_PLACEMENT_3D('',#2651,#2136,#2137);
#1781=AXIS2_PLACEMENT_3D('',#2657,#2141,#2142);
#1782=AXIS2_PLACEMENT_3D('',#2660,#2144,#2145);
#1783=AXIS2_PLACEMENT_3D('',#2661,#2146,#2147);
#1784=AXIS2_PLACEMENT_3D('',#2665,#2150,#2151);
#1785=AXIS2_PLACEMENT_3D('',#2669,#2154,#2155);
#1786=AXIS2_PLACEMENT_3D('',#2673,#2158,#2159);
#1787=AXIS2_PLACEMENT_3D('',#2676,#2161,#2162);
#1788=AXIS2_PLACEMENT_3D('',#2682,#2166,#2167);
#1789=AXIS2_PLACEMENT_3D('',#2686,#2169,#2170);
#1790=AXIS2_PLACEMENT_3D('',#2692,#2174,#2175);
#1791=AXIS2_PLACEMENT_3D('',#2696,#2178,#2179);
#1792=AXIS2_PLACEMENT_3D('',#2706,#2185,#2186);
#1793=AXIS2_PLACEMENT_3D('',#2712,#2190,#2191);
#1794=AXIS2_PLACEMENT_3D('',#2713,#2192,#2193);
#1795=AXIS2_PLACEMENT_3D('',#2714,#2194,#2195);
#1796=AXIS2_PLACEMENT_3D('',#2715,#2196,#2197);
#1797=AXIS2_PLACEMENT_3D('',#2716,#2198,#2199);
#1798=AXIS2_PLACEMENT_3D('',#2718,#2200,#2201);
#1799=AXIS2_PLACEMENT_3D('',#2721,#2203,#2204);
#1800=AXIS2_PLACEMENT_3D('',#2727,#2208,#2209);
#1801=AXIS2_PLACEMENT_3D('',#2728,#2210,#2211);
#1802=AXIS2_PLACEMENT_3D('',#2729,#2212,#2213);
#1803=AXIS2_PLACEMENT_3D('',#2730,#2214,#2215);
#1804=AXIS2_PLACEMENT_3D('',#2731,#2216,#2217);
#1805=AXIS2_PLACEMENT_3D('',#2733,#2218,#2219);
#1806=AXIS2_PLACEMENT_3D('',#2736,#2221,#2222);
#1807=AXIS2_PLACEMENT_3D('',#2742,#2226,#2227);
#1808=AXIS2_PLACEMENT_3D('',#2749,#2232,#2233);
#1809=AXIS2_PLACEMENT_3D('',#2750,#2234,#2235);
#1810=AXIS2_PLACEMENT_3D('',#2751,#2236,#2237);
#1811=AXIS2_PLACEMENT_3D('',#2753,#2238,#2239);
#1812=AXIS2_PLACEMENT_3D('',#2754,#2240,#2241);
#1813=AXIS2_PLACEMENT_3D('',#2755,#2242,#2243);
#1814=AXIS2_PLACEMENT_3D('',#2757,#2244,#2245);
#1815=AXIS2_PLACEMENT_3D('',#2758,#2246,#2247);
#1816=AXIS2_PLACEMENT_3D('',#2759,#2248,#2249);
#1817=AXIS2_PLACEMENT_3D('',#2761,#2250,#2251);
#1818=AXIS2_PLACEMENT_3D('',#2762,#2252,#2253);
#1819=AXIS2_PLACEMENT_3D('',#2763,#2254,#2255);
#1820=AXIS2_PLACEMENT_3D('',#2765,#2256,#2257);
#1821=AXIS2_PLACEMENT_3D('',#2766,#2258,#2259);
#1822=AXIS2_PLACEMENT_3D('',#2767,#2260,#2261);
#1823=AXIS2_PLACEMENT_3D('',#2769,#2262,#2263);
#1824=AXIS2_PLACEMENT_3D('',#2770,#2264,#2265);
#1825=AXIS2_PLACEMENT_3D('',#2771,#2266,#2267);
#1826=AXIS2_PLACEMENT_3D('',#2773,#2268,#2269);
#1827=AXIS2_PLACEMENT_3D('',#2774,#2270,#2271);
#1828=AXIS2_PLACEMENT_3D('',#2775,#2272,#2273);
#1829=AXIS2_PLACEMENT_3D('',#2777,#2274,#2275);
#1830=AXIS2_PLACEMENT_3D('',#2778,#2276,#2277);
#1831=AXIS2_PLACEMENT_3D('',#2780,#2278,#2279);
#1832=AXIS2_PLACEMENT_3D('',#2781,#2280,#2281);
#1833=AXIS2_PLACEMENT_3D('',#2783,#2282,#2283);
#1834=AXIS2_PLACEMENT_3D('',#2784,#2284,#2285);
#1835=AXIS2_PLACEMENT_3D('',#2786,#2286,#2287);
#1836=AXIS2_PLACEMENT_3D('',#2787,#2288,#2289);
#1837=AXIS2_PLACEMENT_3D('',#2789,#2290,#2291);
#1838=AXIS2_PLACEMENT_3D('',#2790,#2292,#2293);
#1839=AXIS2_PLACEMENT_3D('',#2792,#2294,#2295);
#1840=AXIS2_PLACEMENT_3D('',#2793,#2296,#2297);
#1841=AXIS2_PLACEMENT_3D('',#2794,#2298,#2299);
#1842=AXIS2_PLACEMENT_3D('',#2796,#2301,#2302);
#1843=AXIS2_PLACEMENT_3D('',#2797,#2303,#2304);
#1844=AXIS2_PLACEMENT_3D('',#2799,#2305,#2306);
#1845=AXIS2_PLACEMENT_3D('',#2800,#2307,#2308);
#1846=AXIS2_PLACEMENT_3D('',#2801,#2309,#2310);
#1847=AXIS2_PLACEMENT_3D('',#2802,#2311,#2312);
#1848=AXIS2_PLACEMENT_3D('',#2803,#2313,#2314);
#1849=AXIS2_PLACEMENT_3D('',#2805,#2316,#2317);
#1850=AXIS2_PLACEMENT_3D('',#2807,#2319,#2320);
#1851=AXIS2_PLACEMENT_3D('',#2808,#2321,#2322);
#1852=AXIS2_PLACEMENT_3D('',#2809,#2323,#2324);
#1853=AXIS2_PLACEMENT_3D('',#2811,#2326,#2327);
#1854=AXIS2_PLACEMENT_3D('',#2813,#2329,#2330);
#1855=AXIS2_PLACEMENT_3D('',#2814,#2331,#2332);
#1856=AXIS2_PLACEMENT_3D('',#2815,#2333,#2334);
#1857=AXIS2_PLACEMENT_3D('',#2817,#2336,#2337);
#1858=AXIS2_PLACEMENT_3D('',#2819,#2339,#2340);
#1859=AXIS2_PLACEMENT_3D('',#2821,#2342,#2343);
#1860=AXIS2_PLACEMENT_3D('',#2823,#2345,#2346);
#1861=DIRECTION('',(0.,0.,1.));
#1862=DIRECTION('',(1.,0.,0.));
#1863=DIRECTION('',(0.,0.,1.));
#1864=DIRECTION('',(1.,0.,0.));
#1865=DIRECTION('',(0.,0.,1.));
#1866=DIRECTION('',(1.,0.,0.));
#1867=DIRECTION('',(0.,0.,-1.));
#1868=DIRECTION('',(1.,0.,0.));
#1869=DIRECTION('',(0.,0.,1.));
#1870=DIRECTION('',(1.,0.,0.));
#1871=DIRECTION('',(0.,0.,-1.));
#1872=DIRECTION('',(1.,0.,0.));
#1873=DIRECTION('',(0.,0.,-1.));
#1874=DIRECTION('',(1.,0.,0.));
#1875=DIRECTION('',(0.,0.,-1.));
#1876=DIRECTION('',(1.,0.,0.));
#1877=DIRECTION('',(0.,0.,1.));
#1878=DIRECTION('',(1.,0.,0.));
#1879=DIRECTION('',(0.,0.,1.));
#1880=DIRECTION('',(1.,0.,0.));
#1881=DIRECTION('',(6.89946837036236E-16,-1.,0.));
#1882=DIRECTION('',(1.,0.,0.));
#1883=DIRECTION('',(1.44560289664724E-16,1.,0.));
#1884=DIRECTION('',(0.,0.,1.));
#1885=DIRECTION('',(1.,0.,0.));
#1886=DIRECTION('',(0.,1.,0.));
#1887=DIRECTION('',(1.,0.,0.));
#1888=DIRECTION('',(7.28077371304113E-16,-1.,0.));
#1889=DIRECTION('',(1.,0.,0.));
#1890=DIRECTION('',(7.2280144832367E-17,-1.,0.));
#1891=DIRECTION('',(1.,0.,0.));
#1892=DIRECTION('',(6.89946837036234E-16,-1.,0.));
#1893=DIRECTION('',(0.,0.,1.));
#1894=DIRECTION('',(1.,0.,0.));
#1895=DIRECTION('',(-1.,0.,0.));
#1896=DIRECTION('',(4.33680868994178E-15,1.,0.));
#1897=DIRECTION('',(-1.,3.46944695195361E-15,0.));
#1898=DIRECTION('',(3.46944695195354E-15,1.,0.));
#1899=DIRECTION('',(-1.,0.,0.));
#1900=DIRECTION('',(-3.46944695195354E-15,1.,0.));
#1901=DIRECTION('',(1.,3.46944695195361E-15,0.));
#1902=DIRECTION('',(-6.93889390390689E-15,1.,0.));
#1903=DIRECTION('',(-1.,0.,0.));
#1904=DIRECTION('',(0.,0.,1.));
#1905=DIRECTION('',(1.,0.,0.));
#1906=DIRECTION('',(0.,-1.,0.));
#1907=DIRECTION('',(-1.,0.,0.));
#1908=DIRECTION('',(0.,-1.,0.));
#1909=DIRECTION('',(-1.,0.,0.));
#1910=DIRECTION('',(-1.0129772122492E-15,-1.,0.));
#1911=DIRECTION('',(-1.,0.,0.));
#1912=DIRECTION('',(0.,1.,0.));
#1913=DIRECTION('',(0.,0.,1.));
#1914=DIRECTION('',(1.,0.,0.));
#1915=DIRECTION('',(0.,1.,0.));
#1916=DIRECTION('',(-1.,0.,0.));
#1917=DIRECTION('',(0.,-1.,0.));
#1918=DIRECTION('',(0.,0.,1.));
#1919=DIRECTION('',(1.,0.,0.));
#1920=DIRECTION('',(-1.,1.07524182395256E-16,0.));
#1921=DIRECTION('',(0.,0.,1.));
#1922=DIRECTION('',(1.,0.,0.));
#1923=DIRECTION('',(0.,1.,0.));
#1924=DIRECTION('',(1.,-6.12323399573677E-17,0.));
#1925=DIRECTION('',(0.,1.,0.));
#1926=DIRECTION('',(1.,0.,0.));
#1927=DIRECTION('',(0.,0.,1.));
#1928=DIRECTION('',(1.,0.,0.));
#1929=DIRECTION('',(0.,0.,1.));
#1930=DIRECTION('',(1.,0.,0.));
#1931=DIRECTION('',(0.,0.,1.));
#1932=DIRECTION('',(1.,0.,0.));
#1933=DIRECTION('',(0.,0.,1.));
#1934=DIRECTION('',(1.,0.,0.));
#1935=DIRECTION('',(0.,0.,1.));
#1936=DIRECTION('',(1.,0.,0.));
#1937=DIRECTION('',(0.,0.,1.));
#1938=DIRECTION('',(1.,0.,0.));
#1939=DIRECTION('',(0.,0.,1.));
#1940=DIRECTION('',(1.,0.,0.));
#1941=DIRECTION('',(0.,0.,-1.));
#1942=DIRECTION('',(1.,0.,0.));
#1943=DIRECTION('',(0.,0.,1.));
#1944=DIRECTION('',(1.,0.,0.));
#1945=DIRECTION('',(0.,0.,1.));
#1946=DIRECTION('',(1.,0.,0.));
#1947=DIRECTION('',(0.,0.,-1.));
#1948=DIRECTION('',(1.,0.,0.));
#1949=DIRECTION('',(0.,0.,1.));
#1950=DIRECTION('',(1.,0.,0.));
#1951=DIRECTION('',(0.,0.,1.));
#1952=DIRECTION('',(1.,0.,0.));
#1953=DIRECTION('',(0.,0.,-1.));
#1954=DIRECTION('',(1.,0.,0.));
#1955=DIRECTION('',(0.,0.,1.));
#1956=DIRECTION('',(1.,0.,0.));
#1957=DIRECTION('',(0.,0.,1.));
#1958=DIRECTION('',(1.,0.,0.));
#1959=DIRECTION('',(0.,0.,1.));
#1960=DIRECTION('',(1.,0.,0.));
#1961=DIRECTION('',(0.,0.,1.));
#1962=DIRECTION('',(1.,0.,0.));
#1963=DIRECTION('',(0.,0.,1.));
#1964=DIRECTION('',(1.,0.,0.));
#1965=DIRECTION('',(0.,0.,-1.));
#1966=DIRECTION('',(1.,0.,0.));
#1967=DIRECTION('',(0.,0.,1.));
#1968=DIRECTION('',(1.,0.,0.));
#1969=DIRECTION('',(1.,0.,0.));
#1970=DIRECTION('',(0.,0.,-1.));
#1971=DIRECTION('',(0.,0.,-1.));
#1972=DIRECTION('',(0.,-1.,0.));
#1973=DIRECTION('',(0.,0.,-1.));
#1974=DIRECTION('',(0.,-1.,0.));
#1975=DIRECTION('',(1.,0.,0.));
#1976=DIRECTION('',(0.,0.,1.));
#1977=DIRECTION('',(-1.,0.,0.));
#1978=DIRECTION('',(0.,0.,1.));
#1979=DIRECTION('',(1.,6.89946837036236E-16,0.));
#1980=DIRECTION('',(-6.89946837036236E-16,1.,0.));
#1981=DIRECTION('',(-7.28077371304113E-16,1.,0.));
#1982=DIRECTION('',(0.,0.,1.));
#1983=DIRECTION('',(-6.89946837036236E-16,1.,0.));
#1984=DIRECTION('',(0.,0.,1.));
#1985=DIRECTION('',(1.,-1.15648231731787E-15,0.));
#1986=DIRECTION('',(1.15648231731787E-15,1.,0.));
#1987=DIRECTION('',(0.,-1.,0.));
#1988=DIRECTION('',(0.,0.,-1.));
#1989=DIRECTION('',(0.,-1.,0.));
#1990=DIRECTION('',(0.,0.,-1.));
#1991=DIRECTION('',(-1.,1.15648231731787E-15,0.));
#1992=DIRECTION('',(1.15648231731787E-15,1.,0.));
#1993=DIRECTION('',(1.,-1.15648231731787E-15,0.));
#1994=DIRECTION('',(1.15648231731787E-15,1.,0.));
#1995=DIRECTION('',(1.,0.,0.));
#1996=DIRECTION('',(0.,0.,-1.));
#1997=DIRECTION('',(0.,0.,1.));
#1998=DIRECTION('',(0.,1.,0.));
#1999=DIRECTION('',(0.,0.,1.));
#2000=DIRECTION('',(0.,1.,0.));
#2001=DIRECTION('',(0.,0.,-1.));
#2002=DIRECTION('',(-1.,0.,0.));
#2003=DIRECTION('',(0.,0.,-1.));
#2004=DIRECTION('',(0.,0.,1.));
#2005=DIRECTION('',(1.,0.,0.));
#2006=DIRECTION('',(0.,0.,1.));
#2007=DIRECTION('',(1.,0.,0.));
#2008=DIRECTION('',(0.,0.,-1.));
#2009=DIRECTION('',(-1.,0.,0.));
#2010=DIRECTION('',(0.,0.,1.));
#2011=DIRECTION('',(1.,0.,0.));
#2012=DIRECTION('',(0.,0.,-1.));
#2013=DIRECTION('',(0.,0.,1.));
#2014=DIRECTION('',(1.,0.,0.));
#2015=DIRECTION('',(1.15648231731787E-15,1.,0.));
#2016=DIRECTION('',(-1.,1.15648231731787E-15,0.));
#2017=DIRECTION('',(0.,0.,-1.));
#2018=DIRECTION('',(1.,0.,0.));
#2019=DIRECTION('',(1.,0.,0.));
#2020=DIRECTION('',(-1.15648231731787E-15,-1.,0.));
#2021=DIRECTION('',(1.,-1.15648231731787E-15,0.));
#2022=DIRECTION('',(-1.15648231731787E-15,-1.,0.));
#2023=DIRECTION('',(1.,-1.15648231731787E-15,0.));
#2024=DIRECTION('',(0.,0.,-1.));
#2025=DIRECTION('',(-1.,0.,0.));
#2026=DIRECTION('',(0.,0.,1.));
#2027=DIRECTION('',(1.,0.,0.));
#2028=DIRECTION('',(0.,0.,1.));
#2029=DIRECTION('',(1.,0.,0.));
#2030=DIRECTION('',(0.,0.,-1.));
#2031=DIRECTION('',(-1.,0.,0.));
#2032=DIRECTION('',(0.,0.,1.));
#2033=DIRECTION('',(1.,0.,0.));
#2034=DIRECTION('',(0.,0.,-1.));
#2035=DIRECTION('',(0.,0.,1.));
#2036=DIRECTION('',(1.,0.,0.));
#2037=DIRECTION('',(0.,0.,-1.));
#2038=DIRECTION('',(-1.,0.,0.));
#2039=DIRECTION('',(0.,0.,-1.));
#2040=DIRECTION('',(-1.,0.,0.));
#2041=DIRECTION('',(0.,0.,-1.));
#2042=DIRECTION('',(-1.,0.,0.));
#2043=DIRECTION('',(0.,0.,-1.));
#2044=DIRECTION('',(-1.,0.,0.));
#2045=DIRECTION('',(6.12323399573677E-17,1.,0.));
#2046=DIRECTION('',(-1.,6.12323399573677E-17,0.));
#2047=DIRECTION('',(6.12323399573677E-17,1.,0.));
#2048=DIRECTION('',(-1.,6.12323399573677E-17,0.));
#2049=DIRECTION('',(0.,0.,1.));
#2050=DIRECTION('',(1.,-6.12323399573677E-17,0.));
#2051=DIRECTION('',(1.,-6.12323399573677E-17,0.));
#2052=DIRECTION('',(1.,-6.12323399573677E-17,0.));
#2053=DIRECTION('',(0.,0.,1.));
#2054=DIRECTION('',(6.12323399573677E-17,1.,0.));
#2055=DIRECTION('',(-1.,6.12323399573677E-17,0.));
#2056=DIRECTION('',(0.,0.,-1.));
#2057=DIRECTION('',(-1.,0.,0.));
#2058=DIRECTION('',(0.,0.,-1.));
#2059=DIRECTION('',(-1.,0.,0.));
#2060=DIRECTION('',(0.,0.,-1.));
#2061=DIRECTION('',(-1.,0.,0.));
#2062=DIRECTION('',(-1.,4.33680868994178E-15,0.));
#2063=DIRECTION('',(-4.33680868994178E-15,-1.,0.));
#2064=DIRECTION('',(0.,0.,-1.));
#2065=DIRECTION('',(4.33680868994178E-15,1.,0.));
#2066=DIRECTION('',(0.,0.,-1.));
#2067=DIRECTION('',(-1.,3.46944695195354E-15,0.));
#2068=DIRECTION('',(-3.46944695195354E-15,-1.,0.));
#2069=DIRECTION('',(3.46944695195354E-15,1.,0.));
#2070=DIRECTION('',(0.,0.,-1.));
#2071=DIRECTION('',(0.,0.,-1.));
#2072=DIRECTION('',(-3.46944695195362E-15,-1.,0.));
#2073=DIRECTION('',(1.,-3.46944695195362E-15,0.));
#2074=DIRECTION('',(-1.,3.46944695195361E-15,0.));
#2075=DIRECTION('',(0.,-1.,0.));
#2076=DIRECTION('',(0.,0.,-1.));
#2077=DIRECTION('',(0.,0.,-1.));
#2078=DIRECTION('',(-1.,0.,0.));
#2079=DIRECTION('',(0.,0.,-1.));
#2080=DIRECTION('',(0.,-1.,0.));
#2081=DIRECTION('',(0.,0.,-1.));
#2082=DIRECTION('',(-1.,0.,0.));
#2083=DIRECTION('',(0.,0.,-1.));
#2084=DIRECTION('',(0.,0.,-1.));
#2085=DIRECTION('',(1.,0.,0.));
#2086=DIRECTION('',(0.,0.,-1.));
#2087=DIRECTION('',(0.,-1.,0.));
#2088=DIRECTION('',(-1.,-3.46944695195354E-15,0.));
#2089=DIRECTION('',(3.46944695195354E-15,-1.,0.));
#2090=DIRECTION('',(0.,0.,-1.));
#2091=DIRECTION('',(-3.46944695195354E-15,1.,0.));
#2092=DIRECTION('',(0.,0.,-1.));
#2093=DIRECTION('',(-1.,-6.93889390390689E-15,0.));
#2094=DIRECTION('',(6.93889390390689E-15,-1.,0.));
#2095=DIRECTION('',(-6.93889390390689E-15,1.,0.));
#2096=DIRECTION('',(0.,0.,-1.));
#2097=DIRECTION('',(0.,0.,-1.));
#2098=DIRECTION('',(-3.46944695195362E-15,1.,0.));
#2099=DIRECTION('',(-1.,-3.46944695195362E-15,0.));
#2100=DIRECTION('',(1.,3.46944695195361E-15,0.));
#2101=DIRECTION('',(0.,0.,-1.));
#2102=DIRECTION('',(-1.,0.,0.));
#2103=DIRECTION('',(0.,0.,-1.));
#2104=DIRECTION('',(0.,0.,1.));
#2105=DIRECTION('',(1.,0.,0.));
#2106=DIRECTION('',(0.,0.,-1.));
#2107=DIRECTION('',(-1.,1.44560289664724E-16,0.));
#2108=DIRECTION('',(-1.44560289664724E-16,-1.,0.));
#2109=DIRECTION('',(0.,0.,-1.));
#2110=DIRECTION('',(1.44560289664724E-16,1.,0.));
#2111=DIRECTION('',(0.,1.,0.));
#2112=DIRECTION('',(0.,0.,1.));
#2113=DIRECTION('',(0.,0.,-1.));
#2114=DIRECTION('',(1.,0.,0.));
#2115=DIRECTION('',(0.,1.,0.));
#2116=DIRECTION('',(0.,0.,1.));
#2117=DIRECTION('',(1.,0.,0.));
#2118=DIRECTION('',(0.,0.,-1.));
#2119=DIRECTION('',(0.,0.,-1.));
#2120=DIRECTION('',(-1.,0.,0.));
#2121=DIRECTION('',(0.,0.,1.));
#2122=DIRECTION('',(0.,1.,0.));
#2123=DIRECTION('',(0.,1.,0.));
#2124=DIRECTION('',(0.,0.,1.));
#2125=DIRECTION('',(0.,0.,-1.));
#2126=DIRECTION('',(1.,0.,0.));
#2127=DIRECTION('',(0.,0.,-1.));
#2128=DIRECTION('',(0.,1.,0.));
#2129=DIRECTION('',(0.,0.,1.));
#2130=DIRECTION('',(1.,0.,0.));
#2131=DIRECTION('',(0.,0.,-1.));
#2132=DIRECTION('',(0.,0.,-1.));
#2133=DIRECTION('',(1.,7.2280144832367E-17,0.));
#2134=DIRECTION('',(-7.2280144832367E-17,1.,0.));
#2135=DIRECTION('',(7.2280144832367E-17,-1.,0.));
#2136=DIRECTION('',(-1.,0.,0.));
#2137=DIRECTION('',(0.,0.,1.));
#2138=DIRECTION('',(0.,0.,-1.));
#2139=DIRECTION('',(0.,1.,0.));
#2140=DIRECTION('',(0.,0.,-1.));
#2141=DIRECTION('',(0.,0.,-1.));
#2142=DIRECTION('',(-1.,0.,0.));
#2143=DIRECTION('',(0.,0.,-1.));
#2144=DIRECTION('',(0.,0.,1.));
#2145=DIRECTION('',(1.,0.,0.));
#2146=DIRECTION('',(-1.,0.,0.));
#2147=DIRECTION('',(0.,0.,1.));
#2148=DIRECTION('',(0.,0.,-1.));
#2149=DIRECTION('',(0.,1.,0.));
#2150=DIRECTION('',(0.,-1.,0.));
#2151=DIRECTION('',(0.,0.,-1.));
#2152=DIRECTION('',(0.,0.,-1.));
#2153=DIRECTION('',(-1.,0.,0.));
#2154=DIRECTION('',(0.,-1.,0.));
#2155=DIRECTION('',(0.,0.,-1.));
#2156=DIRECTION('',(-1.,0.,0.));
#2157=DIRECTION('',(0.,0.,-1.));
#2158=DIRECTION('',(0.,0.,1.));
#2159=DIRECTION('',(1.,0.,0.));
#2160=DIRECTION('',(1.,0.,0.));
#2161=DIRECTION('',(0.,0.,1.));
#2162=DIRECTION('',(1.,0.,0.));
#2163=DIRECTION('',(-6.89946837036234E-16,1.,0.));
#2164=DIRECTION('',(-7.28077371304113E-16,1.,0.));
#2165=DIRECTION('',(-6.89946837036236E-16,1.,0.));
#2166=DIRECTION('',(0.,0.,-1.));
#2167=DIRECTION('',(1.,0.,0.));
#2168=DIRECTION('',(1.,-1.07524182395256E-16,0.));
#2169=DIRECTION('',(0.,0.,1.));
#2170=DIRECTION('',(1.,0.,0.));
#2171=DIRECTION('',(0.,1.,0.));
#2172=DIRECTION('',(1.0129772122492E-15,1.,0.));
#2173=DIRECTION('',(0.,1.,0.));
#2174=DIRECTION('',(0.,0.,-1.));
#2175=DIRECTION('',(1.,0.,0.));
#2176=DIRECTION('',(1.,0.,0.));
#2177=DIRECTION('',(1.,0.,0.));
#2178=DIRECTION('',(1.,0.,0.));
#2179=DIRECTION('',(0.,0.,-1.));
#2180=DIRECTION('',(0.,0.,1.));
#2181=DIRECTION('',(0.,1.,0.));
#2182=DIRECTION('',(0.,1.,0.));
#2183=DIRECTION('',(0.,0.,1.));
#2184=DIRECTION('',(0.,1.,0.));
#2185=DIRECTION('',(-1.43365576527008E-16,-1.,0.));
#2186=DIRECTION('',(1.,-1.43365576527008E-16,0.));
#2187=DIRECTION('',(1.,-1.43365576527008E-16,0.));
#2188=DIRECTION('',(1.,-1.43365576527008E-16,0.));
#2189=DIRECTION('',(0.,0.,1.));
#2190=DIRECTION('',(0.,0.,1.));
#2191=DIRECTION('',(1.,0.,0.));
#2192=DIRECTION('',(0.,0.,1.));
#2193=DIRECTION('',(1.,0.,0.));
#2194=DIRECTION('',(0.,0.,1.));
#2195=DIRECTION('',(1.,0.,0.));
#2196=DIRECTION('',(0.,0.,1.));
#2197=DIRECTION('',(1.,0.,0.));
#2198=DIRECTION('',(0.,0.,-1.));
#2199=DIRECTION('',(1.,0.,0.));
#2200=DIRECTION('',(0.,0.,-1.));
#2201=DIRECTION('',(1.,0.,0.));
#2202=DIRECTION('',(0.,0.,1.));
#2203=DIRECTION('',(0.,-1.,0.));
#2204=DIRECTION('',(0.,0.,-1.));
#2205=DIRECTION('',(0.,0.,1.));
#2206=DIRECTION('',(1.,0.,0.));
#2207=DIRECTION('',(1.,0.,0.));
#2208=DIRECTION('',(0.,0.,1.));
#2209=DIRECTION('',(1.,0.,0.));
#2210=DIRECTION('',(0.,0.,1.));
#2211=DIRECTION('',(1.,0.,0.));
#2212=DIRECTION('',(0.,0.,1.));
#2213=DIRECTION('',(1.,0.,0.));
#2214=DIRECTION('',(0.,0.,1.));
#2215=DIRECTION('',(1.,0.,0.));
#2216=DIRECTION('',(0.,0.,-1.));
#2217=DIRECTION('',(1.,0.,0.));
#2218=DIRECTION('',(0.,0.,-1.));
#2219=DIRECTION('',(1.,0.,0.));
#2220=DIRECTION('',(0.,0.,1.));
#2221=DIRECTION('',(-1.07524182395256E-16,-1.,0.));
#2222=DIRECTION('',(1.,-1.07524182395256E-16,0.));
#2223=DIRECTION('',(1.,-1.07524182395256E-16,0.));
#2224=DIRECTION('',(1.,-1.07524182395256E-16,0.));
#2225=DIRECTION('',(0.,0.,1.));
#2226=DIRECTION('',(1.,0.,0.));
#2227=DIRECTION('',(0.,0.,-1.));
#2228=DIRECTION('',(0.,1.,0.));
#2229=DIRECTION('',(0.,0.,1.));
#2230=DIRECTION('',(0.,1.,0.));
#2231=DIRECTION('',(0.,1.,0.));
#2232=DIRECTION('',(0.,0.,1.));
#2233=DIRECTION('',(1.,0.,0.));
#2234=DIRECTION('',(1.,-1.15648231731787E-15,0.));
#2235=DIRECTION('',(1.15648231731787E-15,1.,0.));
#2236=DIRECTION('',(-1.,1.15648231731787E-15,0.));
#2237=DIRECTION('',(1.15648231731787E-15,1.,0.));
#2238=DIRECTION('',(1.,-1.15648231731787E-15,0.));
#2239=DIRECTION('',(1.15648231731787E-15,1.,0.));
#2240=DIRECTION('',(1.,-1.15648231731787E-15,0.));
#2241=DIRECTION('',(1.15648231731787E-15,1.,0.));
#2242=DIRECTION('',(1.,-1.15648231731787E-15,0.));
#2243=DIRECTION('',(1.15648231731787E-15,1.,0.));
#2244=DIRECTION('',(1.,-1.15648231731787E-15,0.));
#2245=DIRECTION('',(1.15648231731787E-15,1.,0.));
#2246=DIRECTION('',(-1.,0.,0.));
#2247=DIRECTION('',(0.,0.,1.));
#2248=DIRECTION('',(1.,0.,0.));
#2249=DIRECTION('',(0.,0.,1.));
#2250=DIRECTION('',(-1.,0.,0.));
#2251=DIRECTION('',(0.,-1.,0.));
#2252=DIRECTION('',(-1.,0.,0.));
#2253=DIRECTION('',(0.,0.,1.));
#2254=DIRECTION('',(-1.,0.,0.));
#2255=DIRECTION('',(0.,0.,1.));
#2256=DIRECTION('',(-1.,0.,0.));
#2257=DIRECTION('',(0.,-1.,0.));
#2258=DIRECTION('',(-1.15648231731787E-15,-1.,0.));
#2259=DIRECTION('',(1.,-1.15648231731787E-15,0.));
#2260=DIRECTION('',(-1.15648231731787E-15,-1.,0.));
#2261=DIRECTION('',(1.,-1.15648231731787E-15,0.));
#2262=DIRECTION('',(-1.15648231731787E-15,-1.,0.));
#2263=DIRECTION('',(1.,-1.15648231731787E-15,0.));
#2264=DIRECTION('',(-1.15648231731787E-15,-1.,0.));
#2265=DIRECTION('',(1.,-1.15648231731787E-15,0.));
#2266=DIRECTION('',(-1.15648231731787E-15,-1.,0.));
#2267=DIRECTION('',(1.,-1.15648231731787E-15,0.));
#2268=DIRECTION('',(-1.15648231731787E-15,-1.,0.));
#2269=DIRECTION('',(1.,-1.15648231731787E-15,0.));
#2270=DIRECTION('',(0.,0.,1.));
#2271=DIRECTION('',(1.,0.,0.));
#2272=DIRECTION('',(0.,0.,1.));
#2273=DIRECTION('',(1.,0.,0.));
#2274=DIRECTION('',(0.,0.,1.));
#2275=DIRECTION('',(1.,0.,0.));
#2276=DIRECTION('',(0.,0.,1.));
#2277=DIRECTION('',(1.,0.,0.));
#2278=DIRECTION('',(0.,0.,1.));
#2279=DIRECTION('',(1.,0.,0.));
#2280=DIRECTION('',(0.,0.,1.));
#2281=DIRECTION('',(1.,0.,0.));
#2282=DIRECTION('',(0.,0.,1.));
#2283=DIRECTION('',(1.,0.,0.));
#2284=DIRECTION('',(0.,0.,1.));
#2285=DIRECTION('',(1.,0.,0.));
#2286=DIRECTION('',(0.,0.,1.));
#2287=DIRECTION('',(1.,0.,0.));
#2288=DIRECTION('',(0.,0.,1.));
#2289=DIRECTION('',(1.,0.,0.));
#2290=DIRECTION('',(0.,0.,1.));
#2291=DIRECTION('',(1.,0.,0.));
#2292=DIRECTION('',(0.,0.,1.));
#2293=DIRECTION('',(1.,0.,0.));
#2294=DIRECTION('',(0.,-1.,0.));
#2295=DIRECTION('',(0.,0.,-1.));
#2296=DIRECTION('',(0.,-1.,0.));
#2297=DIRECTION('',(0.,0.,-1.));
#2298=DIRECTION('',(0.,-1.,0.));
#2299=DIRECTION('',(0.,0.,-1.));
#2300=DIRECTION('',(1.,0.,0.));
#2301=DIRECTION('',(0.,0.,1.));
#2302=DIRECTION('',(1.,0.,0.));
#2303=DIRECTION('',(0.,0.,1.));
#2304=DIRECTION('',(1.,0.,0.));
#2305=DIRECTION('',(0.,0.,1.));
#2306=DIRECTION('',(1.,0.,0.));
#2307=DIRECTION('',(0.,1.,0.));
#2308=DIRECTION('',(0.,0.,1.));
#2309=DIRECTION('',(0.,-1.,0.));
#2310=DIRECTION('',(0.,0.,-1.));
#2311=DIRECTION('',(-1.,-7.28077371304113E-16,0.));
#2312=DIRECTION('',(7.28077371304113E-16,-1.,0.));
#2313=DIRECTION('',(-1.,0.,0.));
#2314=DIRECTION('',(0.,0.,1.));
#2315=DIRECTION('',(0.,0.,-1.));
#2316=DIRECTION('',(0.,0.,-1.));
#2317=DIRECTION('',(-1.,0.,0.));
#2318=DIRECTION('',(0.,0.,-1.));
#2319=DIRECTION('',(0.,1.,0.));
#2320=DIRECTION('',(0.,0.,1.));
#2321=DIRECTION('',(0.,1.,0.));
#2322=DIRECTION('',(0.,0.,1.));
#2323=DIRECTION('',(0.,1.,0.));
#2324=DIRECTION('',(0.,0.,1.));
#2325=DIRECTION('',(0.,0.,-1.));
#2326=DIRECTION('',(0.,0.,-1.));
#2327=DIRECTION('',(-1.,0.,0.));
#2328=DIRECTION('',(0.,0.,-1.));
#2329=DIRECTION('',(-1.,-6.89946837036234E-16,0.));
#2330=DIRECTION('',(6.89946837036234E-16,-1.,0.));
#2331=DIRECTION('',(-1.,1.0129772122492E-15,0.));
#2332=DIRECTION('',(-1.0129772122492E-15,-1.,0.));
#2333=DIRECTION('',(-1.,-6.89946837036236E-16,0.));
#2334=DIRECTION('',(6.89946837036236E-16,-1.,0.));
#2335=DIRECTION('',(0.,0.,-1.));
#2336=DIRECTION('',(0.,0.,-1.));
#2337=DIRECTION('',(-1.,0.,0.));
#2338=DIRECTION('',(0.,0.,-1.));
#2339=DIRECTION('',(1.07524182395256E-16,1.,0.));
#2340=DIRECTION('',(-1.,1.07524182395256E-16,0.));
#2341=DIRECTION('',(0.,0.,-1.));
#2342=DIRECTION('',(0.,0.,-1.));
#2343=DIRECTION('',(-1.,0.,0.));
#2344=DIRECTION('',(0.,0.,-1.));
#2345=DIRECTION('',(-1.,0.,0.));
#2346=DIRECTION('',(0.,0.,1.));
#2347=CARTESIAN_POINT('',(0.,0.,0.));
#2348=CARTESIAN_POINT('',(0.009525,-0.009525,0.0005));
#2349=CARTESIAN_POINT('',(0.0018,-0.0077,0.0005));
#2350=CARTESIAN_POINT('',(0.0023,-0.0077,0.0005));
#2351=CARTESIAN_POINT('',(0.01725,-0.0077,0.0005));
#2352=CARTESIAN_POINT('',(0.01775,-0.0077,0.0005));
#2353=CARTESIAN_POINT('',(0.0018,-0.0018,0.0005));
#2354=CARTESIAN_POINT('',(0.0023,-0.0018,0.0005));
#2355=CARTESIAN_POINT('',(0.01725,-0.0018,0.0005));
#2356=CARTESIAN_POINT('',(0.01775,-0.0018,0.0005));
#2357=CARTESIAN_POINT('',(0.0018,-0.01725,0.0005));
#2358=CARTESIAN_POINT('',(0.0023,-0.01725,0.0005));
#2359=CARTESIAN_POINT('',(0.01725,-0.0052,0.0005));
#2360=CARTESIAN_POINT('',(0.01775,-0.0052,0.0005));
#2361=CARTESIAN_POINT('',(0.0018,-0.0052,0.0005));
#2362=CARTESIAN_POINT('',(0.0023,-0.0052,0.0005));
#2363=CARTESIAN_POINT('',(0.002,-0.00199999999999991,0.0005));
#2364=CARTESIAN_POINT('',(0.00199999999999989,-0.0005,0.0005));
#2365=CARTESIAN_POINT('',(0.000500000000000174,-0.00199999999999991,0.0005));
#2366=CARTESIAN_POINT('',(0.000500000000000096,-0.009525,0.0005));
#2367=CARTESIAN_POINT('',(0.000500000000000091,-0.0030999999999999,0.0005));
#2368=CARTESIAN_POINT('',(0.000750000000000045,-0.0030999999999999,0.0005));
#2369=CARTESIAN_POINT('',(0.001,-0.0030999999999999,0.0005));
#2370=CARTESIAN_POINT('',(0.001,-0.00384999999999995,0.0005));
#2371=CARTESIAN_POINT('',(0.001,-0.0046,0.0005));
#2372=CARTESIAN_POINT('',(0.0018,-0.0052,0.0005));
#2373=CARTESIAN_POINT('',(0.001,-0.0058,0.0005));
#2374=CARTESIAN_POINT('',(0.001,-0.00595,0.0005));
#2375=CARTESIAN_POINT('',(0.001,-0.0060999999999999,0.0005));
#2376=CARTESIAN_POINT('',(0.000750000000000045,-0.0060999999999999,0.0005));
#2377=CARTESIAN_POINT('',(0.000500000000000092,-0.0060999999999999,0.0005));
#2378=CARTESIAN_POINT('',(0.000500000000000094,-0.009525,0.0005));
#2379=CARTESIAN_POINT('',(0.000500000000000094,-0.01295,0.0005));
#2380=CARTESIAN_POINT('',(0.000750000000000048,-0.01295,0.0005));
#2381=CARTESIAN_POINT('',(0.001,-0.01295,0.0005));
#2382=CARTESIAN_POINT('',(0.001,-0.01445,0.0005));
#2383=CARTESIAN_POINT('',(0.001,-0.01595,0.0005));
#2384=CARTESIAN_POINT('',(0.000750000000000049,-0.01595,0.0005));
#2385=CARTESIAN_POINT('',(0.000500000000000099,-0.01595,0.0005));
#2386=CARTESIAN_POINT('',(0.000500000000000094,-0.009525,0.0005));
#2387=CARTESIAN_POINT('',(0.000500000000000099,-0.01705,0.0005));
#2388=CARTESIAN_POINT('',(0.002,-0.01705,0.0005));
#2389=CARTESIAN_POINT('',(0.00199999999999989,-0.01855,0.0005));
#2390=CARTESIAN_POINT('',(0.009525,-0.01855,0.0005));
#2391=CARTESIAN_POINT('',(0.00309999999999987,-0.01855,0.0005));
#2392=CARTESIAN_POINT('',(0.00309999999999987,-0.0183,0.0005));
#2393=CARTESIAN_POINT('',(0.00309999999999987,-0.01805,0.0005));
#2394=CARTESIAN_POINT('',(0.00459999999999987,-0.01805,0.0005));
#2395=CARTESIAN_POINT('',(0.00609999999999987,-0.01805,0.0005));
#2396=CARTESIAN_POINT('',(0.00609999999999987,-0.0183,0.0005));
#2397=CARTESIAN_POINT('',(0.00609999999999987,-0.01855,0.0005));
#2398=CARTESIAN_POINT('',(0.009525,-0.01855,0.0005));
#2399=CARTESIAN_POINT('',(0.0129500000000001,-0.01855,0.0005));
#2400=CARTESIAN_POINT('',(0.0129500000000001,-0.0183,0.0005));
#2401=CARTESIAN_POINT('',(0.0129500000000001,-0.01805,0.0005));
#2402=CARTESIAN_POINT('',(0.0144500000000001,-0.01805,0.0005));
#2403=CARTESIAN_POINT('',(0.01595,-0.01805,0.0005));
#2404=CARTESIAN_POINT('',(0.01595,-0.0183,0.0005));
#2405=CARTESIAN_POINT('',(0.01595,-0.01855,0.0005));
#2406=CARTESIAN_POINT('',(0.009525,-0.01855,0.0005));
#2407=CARTESIAN_POINT('',(0.01705,-0.01855,0.0005));
#2408=CARTESIAN_POINT('',(0.01705,-0.01705,0.0005));
#2409=CARTESIAN_POINT('',(0.01855,-0.01705,0.0005));
#2410=CARTESIAN_POINT('',(0.01855,-0.009525,0.0005));
#2411=CARTESIAN_POINT('',(0.01855,-0.01595,0.0005));
#2412=CARTESIAN_POINT('',(0.0183,-0.01595,0.0005));
#2413=CARTESIAN_POINT('',(0.01805,-0.01595,0.0005));
#2414=CARTESIAN_POINT('',(0.01805,-0.01445,0.0005));
#2415=CARTESIAN_POINT('',(0.01805,-0.01295,0.0005));
#2416=CARTESIAN_POINT('',(0.0183,-0.01295,0.0005));
#2417=CARTESIAN_POINT('',(0.01855,-0.01295,0.0005));
#2418=CARTESIAN_POINT('',(0.01855,-0.009525,0.0005));
#2419=CARTESIAN_POINT('',(0.01855,-0.0060999999999999,0.0005));
#2420=CARTESIAN_POINT('',(0.0183,-0.0060999999999999,0.0005));
#2421=CARTESIAN_POINT('',(0.01805,-0.0060999999999999,0.0005));
#2422=CARTESIAN_POINT('',(0.01805,-0.00595,0.0005));
#2423=CARTESIAN_POINT('',(0.01805,-0.0058,0.0005));
#2424=CARTESIAN_POINT('',(0.01725,-0.0052,0.0005));
#2425=CARTESIAN_POINT('',(0.01805,-0.0046,0.0005));
#2426=CARTESIAN_POINT('',(0.01805,-0.00384999999999995,0.0005));
#2427=CARTESIAN_POINT('',(0.01805,-0.0030999999999999,0.0005));
#2428=CARTESIAN_POINT('',(0.0183,-0.0030999999999999,0.0005));
#2429=CARTESIAN_POINT('',(0.01855,-0.0030999999999999,0.0005));
#2430=CARTESIAN_POINT('',(0.01855,-0.009525,0.0005));
#2431=CARTESIAN_POINT('',(0.01855,-0.00199999999999991,0.0005));
#2432=CARTESIAN_POINT('',(0.01705,-0.00199999999999991,0.0005));
#2433=CARTESIAN_POINT('',(0.01705,-0.000500000000000078,0.0005));
#2434=CARTESIAN_POINT('',(0.009525,-0.0005,0.0005));
#2435=CARTESIAN_POINT('',(0.009525,-0.009525,0.));
#2436=CARTESIAN_POINT('',(0.00602499999999991,-0.009525,0.));
#2437=CARTESIAN_POINT('',(0.00602499999999991,-0.00599999999999983,0.));
#2438=CARTESIAN_POINT('',(0.00602499999999991,-7.76756932840449E-19,0.));
#2439=CARTESIAN_POINT('',(0.009525,-9.91070122691241E-19,0.));
#2440=CARTESIAN_POINT('',(0.013025,-1.20538331254203E-18,0.));
#2441=CARTESIAN_POINT('',(0.013025,-0.00599999999999983,0.));
#2442=CARTESIAN_POINT('',(0.013025,-0.00599999999999983,0.));
#2443=CARTESIAN_POINT('',(0.011775,-0.00599999999999983,0.));
#2444=CARTESIAN_POINT('',(0.009525,-0.009525,0.));
#2445=CARTESIAN_POINT('',(0.0018,-0.0077,0.));
#2446=CARTESIAN_POINT('',(0.0023,-0.0077,0.));
#2447=CARTESIAN_POINT('',(0.0018,-0.0077,0.));
#2448=CARTESIAN_POINT('',(0.0028,-0.0077,0.));
#2449=CARTESIAN_POINT('',(0.009525,-0.009525,0.));
#2450=CARTESIAN_POINT('',(0.0018,-0.0018,0.));
#2451=CARTESIAN_POINT('',(0.0023,-0.0018,0.));
#2452=CARTESIAN_POINT('',(0.0018,-0.0018,0.));
#2453=CARTESIAN_POINT('',(0.0028,-0.0018,0.));
#2454=CARTESIAN_POINT('',(0.009525,-0.009525,0.));
#2455=CARTESIAN_POINT('',(0.01725,-0.0077,0.));
#2456=CARTESIAN_POINT('',(0.01775,-0.0077,0.));
#2457=CARTESIAN_POINT('',(0.01725,-0.0077,0.));
#2458=CARTESIAN_POINT('',(0.01825,-0.0077,0.));
#2459=CARTESIAN_POINT('',(0.009525,-0.009525,0.));
#2460=CARTESIAN_POINT('',(0.01725,-0.0018,0.));
#2461=CARTESIAN_POINT('',(0.01775,-0.0018,0.));
#2462=CARTESIAN_POINT('',(0.01725,-0.0018,0.));
#2463=CARTESIAN_POINT('',(0.01825,-0.0018,0.));
#2464=CARTESIAN_POINT('',(0.009525,-0.009525,0.));
#2465=CARTESIAN_POINT('',(0.01725,-0.0052,0.));
#2466=CARTESIAN_POINT('',(0.01775,-0.0052,0.));
#2467=CARTESIAN_POINT('',(0.01725,-0.0052,0.));
#2468=CARTESIAN_POINT('',(0.01825,-0.0052,0.));
#2469=CARTESIAN_POINT('',(0.009525,-0.009525,0.));
#2470=CARTESIAN_POINT('',(0.0018,-0.0052,0.));
#2471=CARTESIAN_POINT('',(0.0023,-0.0052,0.));
#2472=CARTESIAN_POINT('',(0.0018,-0.0052,0.));
#2473=CARTESIAN_POINT('',(0.0028,-0.0052,0.));
#2474=CARTESIAN_POINT('',(0.009525,-0.009525,0.));
#2475=CARTESIAN_POINT('',(0.0018,-0.01725,0.));
#2476=CARTESIAN_POINT('',(0.0023,-0.01725,0.));
#2477=CARTESIAN_POINT('',(0.0018,-0.01725,0.));
#2478=CARTESIAN_POINT('',(0.0028,-0.01725,0.));
#2479=CARTESIAN_POINT('',(-1.7347234759768E-18,-0.01445,0.0005));
#2480=CARTESIAN_POINT('',(-1.36175792864179E-16,-0.01705,0.0005));
#2481=CARTESIAN_POINT('',(-1.36175792864179E-16,-0.01705,0.0015));
#2482=CARTESIAN_POINT('',(-1.36175792864179E-16,-0.01705,-0.00353535));
#2483=CARTESIAN_POINT('',(-1.7347234759768E-18,-0.01445,0.0015));
#2484=CARTESIAN_POINT('',(-1.27068494615301E-16,-0.00199999999999991,0.0015));
#2485=CARTESIAN_POINT('',(-1.27068494615301E-16,-0.00199999999999991,0.0005));
#2486=CARTESIAN_POINT('',(-1.27068494615301E-16,-0.00199999999999991,-0.00353535));
#2487=CARTESIAN_POINT('',(-1.7347234759768E-18,-0.0025499999999999,-0.00353535));
#2488=CARTESIAN_POINT('',(-1.7347234759768E-18,-0.01445,-0.000199999999999966));
#2489=CARTESIAN_POINT('',(-1.7347234759768E-18,-0.01445,0.000800000000000035));
#2490=CARTESIAN_POINT('',(-1.7347234759768E-18,-0.0045999999999999,-0.0002));
#2491=CARTESIAN_POINT('',(-1.7347234759768E-18,-0.0045999999999999,0.0008));
#2492=CARTESIAN_POINT('',(0.00050000000000009,-0.0025499999999999,-0.00353535));
#2493=CARTESIAN_POINT('',(0.000500000000000095,-0.009525,-0.0013));
#2494=CARTESIAN_POINT('',(0.000500000000000174,-0.01705,-0.0013));
#2495=CARTESIAN_POINT('',(0.000500000000000089,-0.00199999999999991,-0.0013));
#2496=CARTESIAN_POINT('',(0.000500000000000174,-0.01705,-0.00353535));
#2497=CARTESIAN_POINT('',(0.000500000000000174,-0.01705,-0.00353535));
#2498=CARTESIAN_POINT('',(0.00050000000000009,-0.0025499999999999,-0.00353535));
#2499=CARTESIAN_POINT('',(0.000500000000000089,-0.00199999999999991,-0.00353535));
#2500=CARTESIAN_POINT('',(0.000500000000000089,-0.00199999999999991,-0.00353535));
#2501=CARTESIAN_POINT('',(0.01905,-0.01445,0.0005));
#2502=CARTESIAN_POINT('',(0.01905,-0.0045999999999999,0.0015));
#2503=CARTESIAN_POINT('',(0.01905,-0.00199999999999991,0.0015));
#2504=CARTESIAN_POINT('',(0.01905,-0.01705,0.0015));
#2505=CARTESIAN_POINT('',(0.01905,-0.01705,0.0005));
#2506=CARTESIAN_POINT('',(0.01905,-0.01705,-0.00353535));
#2507=CARTESIAN_POINT('',(0.01905,-0.00254999999999991,-0.00353535));
#2508=CARTESIAN_POINT('',(0.01905,-0.00199999999999991,-0.00353535));
#2509=CARTESIAN_POINT('',(0.01905,-0.00199999999999991,0.0005));
#2510=CARTESIAN_POINT('',(0.01905,-0.0144500000000001,-0.000199999999999966));
#2511=CARTESIAN_POINT('',(0.01905,-0.0134500000000001,-0.000199999999999966));
#2512=CARTESIAN_POINT('',(0.01905,-0.00459999999999991,-0.0002));
#2513=CARTESIAN_POINT('',(0.01905,-0.00359999999999991,-0.0002));
#2514=CARTESIAN_POINT('',(0.01855,-0.00254999999999991,-0.00353535));
#2515=CARTESIAN_POINT('',(0.01855,-0.01705,-0.00353535));
#2516=CARTESIAN_POINT('',(0.01855,-0.01705,-0.00353535));
#2517=CARTESIAN_POINT('',(0.01855,-0.01705,-0.0013));
#2518=CARTESIAN_POINT('',(0.01855,-0.0165,-0.0013));
#2519=CARTESIAN_POINT('',(0.01855,-0.00199999999999991,-0.0013));
#2520=CARTESIAN_POINT('',(0.01855,-0.00199999999999991,-0.00353535));
#2521=CARTESIAN_POINT('',(0.01855,-0.00199999999999991,-0.00353535));
#2522=CARTESIAN_POINT('',(0.01855,-0.00254999999999991,-0.00353535));
#2523=CARTESIAN_POINT('',(0.00199999999999989,-0.00199999999999991,0.0005));
#2524=CARTESIAN_POINT('',(0.00199999999999989,-5.30296764512042E-19,0.0005));
#2525=CARTESIAN_POINT('',(0.00199999999999989,-5.30296764512042E-19,0.0015));
#2526=CARTESIAN_POINT('',(0.00199999999999989,-5.30296764512042E-19,-0.00353535));
#2527=CARTESIAN_POINT('',(0.00199999999999989,-0.00199999999999991,-0.00353535));
#2528=CARTESIAN_POINT('',(0.00199999999999989,-0.00199999999999991,0.0015));
#2529=CARTESIAN_POINT('',(0.00199999999999989,-0.01705,0.0005));
#2530=CARTESIAN_POINT('',(0.00199999999999989,-0.01705,-0.00353535));
#2531=CARTESIAN_POINT('',(0.00199999999999989,-0.01905,-0.00353535));
#2532=CARTESIAN_POINT('',(0.00199999999999989,-0.01905,0.0005));
#2533=CARTESIAN_POINT('',(0.00199999999999989,-0.01905,0.0015));
#2534=CARTESIAN_POINT('',(0.00199999999999989,-0.01705,0.0015));
#2535=CARTESIAN_POINT('',(0.00459999999999986,-0.01905,0.0005));
#2536=CARTESIAN_POINT('',(0.01705,-0.01905,0.0005));
#2537=CARTESIAN_POINT('',(0.01705,-0.01905,0.0015));
#2538=CARTESIAN_POINT('',(0.01705,-0.01905,-0.00353535));
#2539=CARTESIAN_POINT('',(0.0144500000000001,-0.01905,0.0015));
#2540=CARTESIAN_POINT('',(0.009525,-0.01905,-0.00353535));
#2541=CARTESIAN_POINT('',(0.0144500000000001,-0.01905,6.12323399573677E-20));
#2542=CARTESIAN_POINT('',(0.0154500000000001,-0.01905,6.12323399573677E-20));
#2543=CARTESIAN_POINT('',(0.00459999999999986,-0.01905,6.12323399573677E-20));
#2544=CARTESIAN_POINT('',(0.00559999999999986,-0.01905,6.12323399573677E-20));
#2545=CARTESIAN_POINT('',(0.01705,-0.01705,0.0005));
#2546=CARTESIAN_POINT('',(0.01705,-0.01705,-0.00353535));
#2547=CARTESIAN_POINT('',(0.01705,-0.01705,0.0015));
#2548=CARTESIAN_POINT('',(0.01705,-0.00199999999999992,0.0005));
#2549=CARTESIAN_POINT('',(0.01705,-0.00199999999999992,-0.00353535));
#2550=CARTESIAN_POINT('',(0.01705,1.04517089427603E-16,-0.00353535));
#2551=CARTESIAN_POINT('',(0.01705,1.04517089427603E-16,0.0005));
#2552=CARTESIAN_POINT('',(0.01705,1.04517089427603E-16,0.0015));
#2553=CARTESIAN_POINT('',(0.01705,-0.00199999999999992,0.0015));
#2554=CARTESIAN_POINT('',(0.01725,-0.0052,0.0005));
#2555=CARTESIAN_POINT('',(0.0018,-0.01725,0.0005));
#2556=CARTESIAN_POINT('',(0.01725,-0.0018,0.0005));
#2557=CARTESIAN_POINT('',(0.0018,-0.0018,0.0005));
#2558=CARTESIAN_POINT('',(0.009525,-9.91070122691241E-19,0.0005));
#2559=CARTESIAN_POINT('',(0.00602499999999991,-1.7347234759768E-18,-0.001));
#2560=CARTESIAN_POINT('',(0.00502499999999991,1.97758476261356E-16,-0.001));
#2561=CARTESIAN_POINT('',(0.00502499999999991,1.97758476261356E-16,-0.00353535));
#2562=CARTESIAN_POINT('',(0.00502499999999991,1.97758476261356E-16,-0.00353535));
#2563=CARTESIAN_POINT('',(0.0035124999999999,-6.22910678697562E-19,-0.00353535));
#2564=CARTESIAN_POINT('',(0.0035124999999999,-6.22910678697562E-19,0.0015));
#2565=CARTESIAN_POINT('',(0.0155375,-1.35922956668492E-18,-0.00353535));
#2566=CARTESIAN_POINT('',(0.014025,-1.2666156524994E-18,-0.00353535));
#2567=CARTESIAN_POINT('',(0.014025,-1.2666156524994E-18,-0.00353535));
#2568=CARTESIAN_POINT('',(0.014025,-1.2666156524994E-18,-0.001));
#2569=CARTESIAN_POINT('',(0.013025,-1.19262238973405E-18,-0.001));
#2570=CARTESIAN_POINT('',(0.01725,-0.0077,0.0005));
#2571=CARTESIAN_POINT('',(0.0018,-0.0077,0.0005));
#2572=CARTESIAN_POINT('',(0.0018,-0.0052,0.0005));
#2573=CARTESIAN_POINT('',(0.00309999999999987,-0.0183,0.0015));
#2574=CARTESIAN_POINT('',(0.00309999999999987,-0.01855,0.0015));
#2575=CARTESIAN_POINT('',(0.00309999999999987,-0.01855,0.0015));
#2576=CARTESIAN_POINT('',(0.00309999999999987,-0.0183,0.0015));
#2577=CARTESIAN_POINT('',(0.00309999999999987,-0.01805,0.0015));
#2578=CARTESIAN_POINT('',(0.00309999999999987,-0.01805,0.0015));
#2579=CARTESIAN_POINT('',(0.00609999999999987,-0.0183,0.0015));
#2580=CARTESIAN_POINT('',(0.00609999999999987,-0.0183,0.0015));
#2581=CARTESIAN_POINT('',(0.00609999999999987,-0.01855,0.0015));
#2582=CARTESIAN_POINT('',(0.00609999999999987,-0.01805,0.0015));
#2583=CARTESIAN_POINT('',(0.00609999999999987,-0.01855,0.0015));
#2584=CARTESIAN_POINT('',(0.00609999999999987,-0.01805,0.0015));
#2585=CARTESIAN_POINT('',(0.00459999999999987,-0.01805,0.0015));
#2586=CARTESIAN_POINT('',(0.00459999999999987,-0.01805,0.0015));
#2587=CARTESIAN_POINT('',(0.0183,-0.01595,0.0015));
#2588=CARTESIAN_POINT('',(0.01855,-0.01595,0.0015));
#2589=CARTESIAN_POINT('',(0.01855,-0.01595,0.0015));
#2590=CARTESIAN_POINT('',(0.0183,-0.01595,0.0015));
#2591=CARTESIAN_POINT('',(0.01805,-0.01595,0.0015));
#2592=CARTESIAN_POINT('',(0.01805,-0.01595,0.0015));
#2593=CARTESIAN_POINT('',(0.0183,-0.01295,0.0015));
#2594=CARTESIAN_POINT('',(0.0183,-0.01295,0.0015));
#2595=CARTESIAN_POINT('',(0.01855,-0.01295,0.0015));
#2596=CARTESIAN_POINT('',(0.01805,-0.01295,0.0015));
#2597=CARTESIAN_POINT('',(0.01855,-0.01295,0.0015));
#2598=CARTESIAN_POINT('',(0.01805,-0.01295,0.0015));
#2599=CARTESIAN_POINT('',(0.01805,-0.01445,0.0015));
#2600=CARTESIAN_POINT('',(0.01805,-0.01445,0.0015));
#2601=CARTESIAN_POINT('',(0.0129500000000001,-0.0183,0.0015));
#2602=CARTESIAN_POINT('',(0.0129500000000001,-0.01855,0.0015));
#2603=CARTESIAN_POINT('',(0.0129500000000001,-0.01855,0.0015));
#2604=CARTESIAN_POINT('',(0.0129500000000001,-0.0183,0.0015));
#2605=CARTESIAN_POINT('',(0.0129500000000001,-0.01805,0.0015));
#2606=CARTESIAN_POINT('',(0.0129500000000001,-0.01805,0.0015));
#2607=CARTESIAN_POINT('',(0.01595,-0.0183,0.0015));
#2608=CARTESIAN_POINT('',(0.01595,-0.0183,0.0015));
#2609=CARTESIAN_POINT('',(0.01595,-0.01855,0.0015));
#2610=CARTESIAN_POINT('',(0.01595,-0.01805,0.0015));
#2611=CARTESIAN_POINT('',(0.01595,-0.01855,0.0015));
#2612=CARTESIAN_POINT('',(0.01595,-0.01805,0.0015));
#2613=CARTESIAN_POINT('',(0.0144500000000001,-0.01805,0.0015));
#2614=CARTESIAN_POINT('',(0.0144500000000001,-0.01805,0.0015));
#2615=CARTESIAN_POINT('',(0.0018,-0.0052,0.0015));
#2616=CARTESIAN_POINT('',(0.001,-0.0046,0.0015));
#2617=CARTESIAN_POINT('',(0.001,-0.0046,0.0015));
#2618=CARTESIAN_POINT('',(0.0018,-0.0052,0.0015));
#2619=CARTESIAN_POINT('',(0.001,-0.0058,0.0015));
#2620=CARTESIAN_POINT('',(0.001,-0.0058,0.0015));
#2621=CARTESIAN_POINT('',(0.001,-0.00384999999999995,0.0015));
#2622=CARTESIAN_POINT('',(0.001,-0.0030999999999999,0.0015));
#2623=CARTESIAN_POINT('',(0.001,-0.0030999999999999,0.0015));
#2624=CARTESIAN_POINT('',(0.001,-0.00384999999999995,0.0015));
#2625=CARTESIAN_POINT('',(0.000750000000000045,-0.0030999999999999,0.0015));
#2626=CARTESIAN_POINT('',(0.00050000000000009,-0.0030999999999999,0.0015));
#2627=CARTESIAN_POINT('',(0.00050000000000009,-0.0030999999999999,0.0015));
#2628=CARTESIAN_POINT('',(0.000750000000000045,-0.0030999999999999,0.0015));
#2629=CARTESIAN_POINT('',(0.000750000000000045,-0.0060999999999999,0.0015));
#2630=CARTESIAN_POINT('',(0.000750000000000045,-0.0060999999999999,0.0015));
#2631=CARTESIAN_POINT('',(0.000500000000000092,-0.0060999999999999,0.0015));
#2632=CARTESIAN_POINT('',(0.001,-0.0060999999999999,0.0015));
#2633=CARTESIAN_POINT('',(0.000500000000000092,-0.0060999999999999,0.0015));
#2634=CARTESIAN_POINT('',(0.001,-0.0060999999999999,0.0015));
#2635=CARTESIAN_POINT('',(0.001,-0.00595,0.0015));
#2636=CARTESIAN_POINT('',(0.001,-0.00595,0.0015));
#2637=CARTESIAN_POINT('',(0.000750000000000048,-0.01295,0.0015));
#2638=CARTESIAN_POINT('',(0.000500000000000097,-0.01295,0.0015));
#2639=CARTESIAN_POINT('',(0.000500000000000097,-0.01295,0.0015));
#2640=CARTESIAN_POINT('',(0.000750000000000048,-0.01295,0.0015));
#2641=CARTESIAN_POINT('',(0.001,-0.01295,0.0015));
#2642=CARTESIAN_POINT('',(0.001,-0.01295,0.0015));
#2643=CARTESIAN_POINT('',(0.000750000000000049,-0.01595,0.0015));
#2644=CARTESIAN_POINT('',(0.000750000000000049,-0.01595,0.0015));
#2645=CARTESIAN_POINT('',(0.000500000000000099,-0.01595,0.0015));
#2646=CARTESIAN_POINT('',(0.001,-0.01595,0.0015));
#2647=CARTESIAN_POINT('',(0.000500000000000099,-0.01595,0.0015));
#2648=CARTESIAN_POINT('',(0.001,-0.01595,0.0015));
#2649=CARTESIAN_POINT('',(0.001,-0.01445,0.0015));
#2650=CARTESIAN_POINT('',(0.001,-0.01445,0.0015));
#2651=CARTESIAN_POINT('',(0.01805,-0.00384999999999995,0.0015));
#2652=CARTESIAN_POINT('',(0.01805,-0.0046,0.0015));
#2653=CARTESIAN_POINT('',(0.01805,-0.0046,0.0015));
#2654=CARTESIAN_POINT('',(0.01805,-0.00384999999999995,0.0015));
#2655=CARTESIAN_POINT('',(0.01805,-0.0030999999999999,0.0015));
#2656=CARTESIAN_POINT('',(0.01805,-0.0030999999999999,0.0015));
#2657=CARTESIAN_POINT('',(0.01725,-0.0052,0.0015));
#2658=CARTESIAN_POINT('',(0.01805,-0.0058,0.0015));
#2659=CARTESIAN_POINT('',(0.01805,-0.0058,0.0015));
#2660=CARTESIAN_POINT('',(0.01725,-0.0052,0.0015));
#2661=CARTESIAN_POINT('',(0.01805,-0.00595,0.0015));
#2662=CARTESIAN_POINT('',(0.01805,-0.0060999999999999,0.0015));
#2663=CARTESIAN_POINT('',(0.01805,-0.0060999999999999,0.0015));
#2664=CARTESIAN_POINT('',(0.01805,-0.00595,0.0015));
#2665=CARTESIAN_POINT('',(0.0183,-0.0060999999999999,0.0015));
#2666=CARTESIAN_POINT('',(0.01855,-0.0060999999999999,0.0015));
#2667=CARTESIAN_POINT('',(0.01855,-0.0060999999999999,0.0015));
#2668=CARTESIAN_POINT('',(0.0183,-0.0060999999999999,0.0015));
#2669=CARTESIAN_POINT('',(0.0183,-0.0030999999999999,0.0015));
#2670=CARTESIAN_POINT('',(0.0183,-0.0030999999999999,0.0015));
#2671=CARTESIAN_POINT('',(0.01855,-0.0030999999999999,0.0015));
#2672=CARTESIAN_POINT('',(0.01855,-0.0030999999999999,0.0015));
#2673=CARTESIAN_POINT('',(0.009525,-0.009525,0.0015));
#2674=CARTESIAN_POINT('',(0.00254999999999987,-0.01855,0.0015));
#2675=CARTESIAN_POINT('',(0.00199999999999989,-0.01855,0.0015));
#2676=CARTESIAN_POINT('',(0.002,-0.01705,0.0015));
#2677=CARTESIAN_POINT('',(0.000500000000000174,-0.01705,0.0015));
#2678=CARTESIAN_POINT('',(0.0005000000000001,-0.0165,0.0015));
#2679=CARTESIAN_POINT('',(0.000500000000000095,-0.009525,0.0015));
#2680=CARTESIAN_POINT('',(0.00050000000000009,-0.0025499999999999,0.0015));
#2681=CARTESIAN_POINT('',(0.000500000000000089,-0.00199999999999991,0.0015));
#2682=CARTESIAN_POINT('',(0.002,-0.00199999999999991,0.0015));
#2683=CARTESIAN_POINT('',(0.00199999999999989,-0.000500000000000072,0.0015));
#2684=CARTESIAN_POINT('',(0.0035124999999999,-0.0005,0.0015));
#2685=CARTESIAN_POINT('',(0.01705,-0.0005,0.0015));
#2686=CARTESIAN_POINT('',(0.01705,-0.00199999999999991,0.0015));
#2687=CARTESIAN_POINT('',(0.01855,-0.00199999999999991,0.0015));
#2688=CARTESIAN_POINT('',(0.01855,-0.00254999999999991,0.0015));
#2689=CARTESIAN_POINT('',(0.01855,-0.009525,0.0015));
#2690=CARTESIAN_POINT('',(0.01855,-0.0165,0.0015));
#2691=CARTESIAN_POINT('',(0.01855,-0.01705,0.0015));
#2692=CARTESIAN_POINT('',(0.01705,-0.01705,0.0015));
#2693=CARTESIAN_POINT('',(0.01705,-0.01855,0.0015));
#2694=CARTESIAN_POINT('',(0.0165,-0.01855,0.0015));
#2695=CARTESIAN_POINT('',(0.009525,-0.01855,0.0015));
#2696=CARTESIAN_POINT('',(0.014025,-0.000249999999999902,-0.00353535));
#2697=CARTESIAN_POINT('',(0.014025,-0.00599999999999983,-0.0013));
#2698=CARTESIAN_POINT('',(0.014025,-0.00599999999999983,-0.0013));
#2699=CARTESIAN_POINT('',(0.014025,-0.00599999999999983,-0.001));
#2700=CARTESIAN_POINT('',(0.014025,-1.24683249835833E-18,-0.001));
#2701=CARTESIAN_POINT('',(0.014025,-0.000249999999999902,-0.00353535));
#2702=CARTESIAN_POINT('',(0.014025,-0.0005,-0.00353535));
#2703=CARTESIAN_POINT('',(0.014025,-0.0005,-0.00353535));
#2704=CARTESIAN_POINT('',(0.014025,-0.0005,-0.0013));
#2705=CARTESIAN_POINT('',(0.014025,-0.00324999999999991,-0.0013));
#2706=CARTESIAN_POINT('',(0.0155375,-0.0005,-0.00353535));
#2707=CARTESIAN_POINT('',(0.0155375,-0.0005,-0.0013));
#2708=CARTESIAN_POINT('',(0.01705,-0.0005,-0.0013));
#2709=CARTESIAN_POINT('',(0.0155375,-0.0005,-0.00353535));
#2710=CARTESIAN_POINT('',(0.01705,-0.0005,-0.00353535));
#2711=CARTESIAN_POINT('',(0.01705,-0.0005,-0.00353535));
#2712=CARTESIAN_POINT('',(0.01705,-0.00199999999999991,-0.00353535));
#2713=CARTESIAN_POINT('',(0.01705,-0.00199999999999991,-0.0013));
#2714=CARTESIAN_POINT('',(0.01705,-0.00199999999999991,-0.00353535));
#2715=CARTESIAN_POINT('',(0.01705,-0.01705,-0.00353535));
#2716=CARTESIAN_POINT('',(0.01705,-0.01705,-0.0013));
#2717=CARTESIAN_POINT('',(0.01705,-0.01855,-0.0013));
#2718=CARTESIAN_POINT('',(0.01705,-0.01705,-0.00353535));
#2719=CARTESIAN_POINT('',(0.01705,-0.01855,-0.00353535));
#2720=CARTESIAN_POINT('',(0.01705,-0.01855,-0.00353535));
#2721=CARTESIAN_POINT('',(0.009525,-0.01855,-0.00353535));
#2722=CARTESIAN_POINT('',(0.00199999999999989,-0.01855,-0.00353535));
#2723=CARTESIAN_POINT('',(0.00199999999999989,-0.01855,-0.00353535));
#2724=CARTESIAN_POINT('',(0.00199999999999989,-0.01855,-0.0013));
#2725=CARTESIAN_POINT('',(0.00254999999999987,-0.01855,-0.0013));
#2726=CARTESIAN_POINT('',(0.009525,-0.01855,-0.00353535));
#2727=CARTESIAN_POINT('',(0.002,-0.01705,-0.00353535));
#2728=CARTESIAN_POINT('',(0.002,-0.01705,-0.0013));
#2729=CARTESIAN_POINT('',(0.002,-0.01705,-0.00353535));
#2730=CARTESIAN_POINT('',(0.002,-0.00199999999999991,-0.00353535));
#2731=CARTESIAN_POINT('',(0.002,-0.00199999999999991,-0.0013));
#2732=CARTESIAN_POINT('',(0.00199999999999989,-0.000500000000000072,-0.0013));
#2733=CARTESIAN_POINT('',(0.002,-0.00199999999999991,-0.00353535));
#2734=CARTESIAN_POINT('',(0.00199999999999989,-0.000500000000000072,-0.00353535));
#2735=CARTESIAN_POINT('',(0.00199999999999989,-0.000500000000000072,-0.00353535));
#2736=CARTESIAN_POINT('',(0.0035124999999999,-0.0005,-0.00353535));
#2737=CARTESIAN_POINT('',(0.0035124999999999,-0.0005,-0.0013));
#2738=CARTESIAN_POINT('',(0.00502499999999991,-0.0005,-0.0013));
#2739=CARTESIAN_POINT('',(0.0035124999999999,-0.0005,-0.00353535));
#2740=CARTESIAN_POINT('',(0.00502499999999991,-0.0005,-0.00353535));
#2741=CARTESIAN_POINT('',(0.00502499999999991,-0.0005,-0.00353535));
#2742=CARTESIAN_POINT('',(0.00502499999999991,-0.000249999999999901,-0.00353535));
#2743=CARTESIAN_POINT('',(0.00502499999999991,-0.000249999999999901,-0.001));
#2744=CARTESIAN_POINT('',(0.00502499999999992,-0.00599999999999983,-0.001));
#2745=CARTESIAN_POINT('',(0.00502499999999992,-0.00599999999999983,-0.0013));
#2746=CARTESIAN_POINT('',(0.00502499999999992,-0.00599999999999983,-0.0013));
#2747=CARTESIAN_POINT('',(0.00502499999999991,-0.00324999999999991,-0.0013));
#2748=CARTESIAN_POINT('',(0.00502499999999991,-0.000249999999999901,-0.00353535));
#2749=CARTESIAN_POINT('',(0.009525,-0.009525,-0.00353535));
#2750=CARTESIAN_POINT('',(0.01855,-0.009525,-0.000199999999999982));
#2751=CARTESIAN_POINT('',(0.01855,-0.0144500000000001,-0.000199999999999966));
#2752=CARTESIAN_POINT('',(0.01855,-0.0134500000000001,-0.000199999999999966));
#2753=CARTESIAN_POINT('',(0.01855,-0.0144500000000001,-0.000199999999999966));
#2754=CARTESIAN_POINT('',(0.01855,-0.009525,-0.000199999999999982));
#2755=CARTESIAN_POINT('',(0.01855,-0.00459999999999991,-0.0002));
#2756=CARTESIAN_POINT('',(0.01855,-0.00359999999999991,-0.0002));
#2757=CARTESIAN_POINT('',(0.01855,-0.00459999999999991,-0.0002));
#2758=CARTESIAN_POINT('',(0.0005,-0.01445,-0.000199999999999966));
#2759=CARTESIAN_POINT('',(0.0005,-0.01445,-0.000199999999999966));
#2760=CARTESIAN_POINT('',(0.0005,-0.01445,0.000800000000000035));
#2761=CARTESIAN_POINT('',(0.0005,-0.009525,-0.000199999999999982));
#2762=CARTESIAN_POINT('',(0.0005,-0.0045999999999999,-0.0002));
#2763=CARTESIAN_POINT('',(0.0005,-0.0045999999999999,-0.0002));
#2764=CARTESIAN_POINT('',(0.0005,-0.0045999999999999,0.0008));
#2765=CARTESIAN_POINT('',(0.0005,-0.009525,-0.000199999999999982));
#2766=CARTESIAN_POINT('',(0.009525,-0.01855,-0.001017675));
#2767=CARTESIAN_POINT('',(0.00459999999999987,-0.01855,6.12323399573677E-20));
#2768=CARTESIAN_POINT('',(0.00559999999999987,-0.01855,6.12323399573677E-20));
#2769=CARTESIAN_POINT('',(0.00459999999999987,-0.01855,6.12323399573677E-20));
#2770=CARTESIAN_POINT('',(0.009525,-0.01855,-0.001017675));
#2771=CARTESIAN_POINT('',(0.0144500000000001,-0.01855,6.12323399573677E-20));
#2772=CARTESIAN_POINT('',(0.0154500000000001,-0.01855,6.12323399573677E-20));
#2773=CARTESIAN_POINT('',(0.0144500000000001,-0.01855,6.12323399573677E-20));
#2774=CARTESIAN_POINT('',(0.0018,-0.01725,-0.0013));
#2775=CARTESIAN_POINT('',(0.0018,-0.01725,-0.0013));
#2776=CARTESIAN_POINT('',(0.0028,-0.01725,-0.0013));
#2777=CARTESIAN_POINT('',(0.0018,-0.0077,-0.0013));
#2778=CARTESIAN_POINT('',(0.0018,-0.0077,-0.0013));
#2779=CARTESIAN_POINT('',(0.0028,-0.0077,-0.0013));
#2780=CARTESIAN_POINT('',(0.0018,-0.0018,-0.0013));
#2781=CARTESIAN_POINT('',(0.0018,-0.0018,-0.0013));
#2782=CARTESIAN_POINT('',(0.0028,-0.0018,-0.0013));
#2783=CARTESIAN_POINT('',(0.01725,-0.0077,-0.0013));
#2784=CARTESIAN_POINT('',(0.01725,-0.0077,-0.0013));
#2785=CARTESIAN_POINT('',(0.01825,-0.0077,-0.0013));
#2786=CARTESIAN_POINT('',(0.01725,-0.0018,-0.0013));
#2787=CARTESIAN_POINT('',(0.01725,-0.0018,-0.0013));
#2788=CARTESIAN_POINT('',(0.01825,-0.0018,-0.0013));
#2789=CARTESIAN_POINT('',(0.01725,-0.0052,-0.0013));
#2790=CARTESIAN_POINT('',(0.01725,-0.0052,-0.0013));
#2791=CARTESIAN_POINT('',(0.01825,-0.0052,-0.0013));
#2792=CARTESIAN_POINT('',(0.011775,-0.00599999999999983,-0.0013));
#2793=CARTESIAN_POINT('',(0.00602499999999991,-0.00599999999999983,-0.001));
#2794=CARTESIAN_POINT('',(0.013025,-0.00599999999999983,-0.001));
#2795=CARTESIAN_POINT('',(0.011775,-0.00599999999999983,-0.0013));
#2796=CARTESIAN_POINT('',(0.0018,-0.0052,-0.0013));
#2797=CARTESIAN_POINT('',(0.0018,-0.0052,-0.0013));
#2798=CARTESIAN_POINT('',(0.0028,-0.0052,-0.0013));
#2799=CARTESIAN_POINT('',(0.009525,-0.009525,-0.0013));
#2800=CARTESIAN_POINT('',(0.00602499999999991,-0.009525,-0.001));
#2801=CARTESIAN_POINT('',(0.013025,-0.000249999999999902,-0.001));
#2802=CARTESIAN_POINT('',(0.000500000000000095,-0.009525,0.0015));
#2803=CARTESIAN_POINT('',(0.01855,-0.0165,0.0015));
#2804=CARTESIAN_POINT('',(0.01855,-0.01705,0.0015));
#2805=CARTESIAN_POINT('',(0.01705,-0.01705,0.0015));
#2806=CARTESIAN_POINT('',(0.01705,-0.01855,0.0015));
#2807=CARTESIAN_POINT('',(0.0165,-0.01855,0.0015));
#2808=CARTESIAN_POINT('',(0.009525,-0.01855,0.0015));
#2809=CARTESIAN_POINT('',(0.00254999999999987,-0.01855,0.0015));
#2810=CARTESIAN_POINT('',(0.00199999999999989,-0.01855,0.0015));
#2811=CARTESIAN_POINT('',(0.002,-0.01705,0.0015));
#2812=CARTESIAN_POINT('',(0.000500000000000174,-0.01705,0.0015));
#2813=CARTESIAN_POINT('',(0.0005000000000001,-0.0165,0.0015));
#2814=CARTESIAN_POINT('',(0.01855,-0.009525,0.0015));
#2815=CARTESIAN_POINT('',(0.00050000000000009,-0.0025499999999999,0.0015));
#2816=CARTESIAN_POINT('',(0.000500000000000089,-0.00199999999999991,0.0015));
#2817=CARTESIAN_POINT('',(0.002,-0.00199999999999991,0.0015));
#2818=CARTESIAN_POINT('',(0.00199999999999989,-0.000500000000000072,0.0015));
#2819=CARTESIAN_POINT('',(0.0035124999999999,-0.0005,0.0015));
#2820=CARTESIAN_POINT('',(0.01705,-0.0005,0.0015));
#2821=CARTESIAN_POINT('',(0.01705,-0.00199999999999991,0.0015));
#2822=CARTESIAN_POINT('',(0.01855,-0.00199999999999991,0.0015));
#2823=CARTESIAN_POINT('',(0.01855,-0.00254999999999991,0.0015));
#2824=MECHANICAL_DESIGN_GEOMETRIC_PRESENTATION_REPRESENTATION('',(#1681),
#2825);
#2825=(
GEOMETRIC_REPRESENTATION_CONTEXT(3)
GLOBAL_UNCERTAINTY_ASSIGNED_CONTEXT((#2826))
GLOBAL_UNIT_ASSIGNED_CONTEXT((#2829,#2828,#2827))
REPRESENTATION_CONTEXT('Part 1','TOP_LEVEL_ASSEMBLY_PART')
);
#2826=UNCERTAINTY_MEASURE_WITH_UNIT(LENGTH_MEASURE(1.E-8),#2829,
'DISTANCE_ACCURACY_VALUE','Maximum Tolerance applied to model');
#2827=(
NAMED_UNIT(*)
SI_UNIT($,.STERADIAN.)
SOLID_ANGLE_UNIT()
);
#2828=(
NAMED_UNIT(*)
PLANE_ANGLE_UNIT()
SI_UNIT($,.RADIAN.)
);
#2829=(
LENGTH_UNIT()
NAMED_UNIT(*)
SI_UNIT($,.METRE.)
);
#2830=PRODUCT_DEFINITION_SHAPE('','',#2831);
#2831=PRODUCT_DEFINITION('','',#2833,#2832);
#2832=PRODUCT_DEFINITION_CONTEXT('',#2839,'design');
#2833=PRODUCT_DEFINITION_FORMATION_WITH_SPECIFIED_SOURCE('','',#2835,
 .NOT_KNOWN.);
#2834=PRODUCT_RELATED_PRODUCT_CATEGORY('','',(#2835));
#2835=PRODUCT('Part 1','Part 1','Part 1',(#2837));
#2836=PRODUCT_CATEGORY('','');
#2837=PRODUCT_CONTEXT('',#2839,'mechanical');
#2838=APPLICATION_PROTOCOL_DEFINITION('international standard',
'ap242_managed_model_based_3d_engineering',2020,#2839);
#2839=APPLICATION_CONTEXT('managed model based 3d engineering');
ENDSEC;
END-ISO-10303-21;
